"id","expname","subject","ip","condnum","choice","submitted","event","roword","colord","evttype","boxname","boxin","boxtime","counter","relcount","maxcount","f_Tf","f_Tp","f_Cp","f_Cf","f_Df","f_Dp","f_C","f_T","f_D","t_Tf","t_Tp","t_Cp","t_Cf","t_Df","t_Dp","t_C","t_T","t_D"
"4","ctxtC","S29","77.2.58.98","29","C","2016-07-15 18:29:48","mouseout","0_2_1","0_2_1_3","0_0","Tf","8589","3907","1","0.0285714285714","35","1","0","0","0","0","0","0","0","0","3907","0","0","0","0","0","0","0","0"
"4","ctxtC","S29","77.2.58.98","29","C","2016-07-15 18:29:48","mouseout","0_2_1","0_2_1_3","0_0","Tp","12789","1120","2","0.0571428571429","35","0","1","0","0","0","0","0","0","0","0","1120","0","0","0","0","0","0","0"
"4","ctxtC","S29","77.2.58.98","29","C","2016-07-15 18:29:48","mouseout","0_2_1","0_2_1_3","0_0","Tf","13927","2900","3","0.0857142857143","35","1","0","0","0","0","0","0","0","0","2900","0","0","0","0","0","0","0","0"
"4","ctxtC","S29","77.2.58.98","29","C","2016-07-15 18:29:48","mouseout","0_2_1","0_2_1_3","0_0","Tp","17160","2816","4","0.114285714286","35","0","1","0","0","0","0","0","0","0","0","2816","0","0","0","0","0","0","0"
"4","ctxtC","S29","77.2.58.98","29","C","2016-07-15 18:29:48","mouseout","0_2_1","0_2_1_3","0_0","Cp","19976","1549","5","0.142857142857","35","0","0","1","0","0","0","0","0","0","0","0","1549","0","0","0","0","0","0"
"4","ctxtC","S29","77.2.58.98","29","C","2016-07-15 18:29:48","mouseout","0_2_1","0_2_1_3","0_0","Cf","21525","466","6","0.171428571429","35","0","0","0","1","0","0","0","0","0","0","0","0","466","0","0","0","0","0"
"4","ctxtC","S29","77.2.58.98","29","C","2016-07-15 18:29:48","mouseout","0_2_1","0_2_1_3","0_0","Tf","22008","2089","7","0.2","35","1","0","0","0","0","0","0","0","0","2089","0","0","0","0","0","0","0","0"
"4","ctxtC","S29","77.2.58.98","29","C","2016-07-15 18:29:48","mouseout","0_2_1","0_2_1_3","0_0","Cf","24115","585","8","0.228571428571","35","0","0","0","1","0","0","0","0","0","0","0","0","585","0","0","0","0","0"
"4","ctxtC","S29","77.2.58.98","29","C","2016-07-15 18:29:48","mouseout","0_2_1","0_2_1_3","0_0","Tf","24700","1498","9","0.257142857143","35","1","0","0","0","0","0","0","0","0","1498","0","0","0","0","0","0","0","0"
"4","ctxtC","S29","77.2.58.98","29","C","2016-07-15 18:29:48","mouseout","0_2_1","0_2_1_3","0_0","Cf","26198","1025","10","0.285714285714","35","0","0","0","1","0","0","0","0","0","0","0","0","1025","0","0","0","0","0"
"4","ctxtC","S29","77.2.58.98","29","C","2016-07-15 18:29:48","mouseout","0_2_1","0_2_1_3","0_0","Tf","27223","527","11","0.314285714286","35","1","0","0","0","0","0","0","0","0","527","0","0","0","0","0","0","0","0"
"4","ctxtC","S29","77.2.58.98","29","C","2016-07-15 18:29:48","mouseout","0_2_1","0_2_1_3","0_0","Cf","27750","1086","12","0.342857142857","35","0","0","0","1","0","0","0","0","0","0","0","0","1086","0","0","0","0","0"
"4","ctxtC","S29","77.2.58.98","29","C","2016-07-15 18:29:48","mouseout","0_2_1","0_2_1_3","0_0","Cp","28855","485","13","0.371428571429","35","0","0","1","0","0","0","0","0","0","0","0","485","0","0","0","0","0","0"
"4","ctxtC","S29","77.2.58.98","29","C","2016-07-15 18:29:48","mouseout","0_2_1","0_2_1_3","0_0","Tp","29356","763","14","0.4","35","0","1","0","0","0","0","0","0","0","0","763","0","0","0","0","0","0","0"
"4","ctxtC","S29","77.2.58.98","29","C","2016-07-15 18:29:48","mouseout","0_2_1","0_2_1_3","0_0","Cp","30139","1874","15","0.428571428571","35","0","0","1","0","0","0","0","0","0","0","0","1874","0","0","0","0","0","0"
"4","ctxtC","S29","77.2.58.98","29","C","2016-07-15 18:29:48","mouseout","0_2_1","0_2_1_3","0_0","Tp","32013","868","16","0.457142857143","35","0","1","0","0","0","0","0","0","0","0","868","0","0","0","0","0","0","0"
"4","ctxtC","S29","77.2.58.98","29","C","2016-07-15 18:29:48","mouseout","0_2_1","0_2_1_3","0_0","Cp","32898","1168","17","0.485714285714","35","0","0","1","0","0","0","0","0","0","0","0","1168","0","0","0","0","0","0"
"4","ctxtC","S29","77.2.58.98","29","C","2016-07-15 18:29:48","mouseout","0_2_1","0_2_1_3","0_0","Tp","34067","1138","18","0.514285714286","35","0","1","0","0","0","0","0","0","0","0","1138","0","0","0","0","0","0","0"
"4","ctxtC","S29","77.2.58.98","29","C","2016-07-15 18:29:48","mouseout","0_2_1","0_2_1_3","0_0","Cp","35206","474","19","0.542857142857","35","0","0","1","0","0","0","0","0","0","0","0","474","0","0","0","0","0","0"
"4","ctxtC","S29","77.2.58.98","29","C","2016-07-15 18:29:48","mouseout","0_2_1","0_2_1_3","0_0","Cf","35680","754","20","0.571428571429","35","0","0","0","1","0","0","0","0","0","0","0","0","754","0","0","0","0","0"
"4","ctxtC","S29","77.2.58.98","29","C","2016-07-15 18:29:48","mouseout","0_2_1","0_2_1_3","0_0","Tf","36434","930","21","0.6","35","1","0","0","0","0","0","0","0","0","930","0","0","0","0","0","0","0","0"
"4","ctxtC","S29","77.2.58.98","29","C","2016-07-15 18:29:48","mouseout","0_2_1","0_2_1_3","0_0","Df","37433","1241","22","0.628571428571","35","0","0","0","0","1","0","0","0","0","0","0","0","0","1241","0","0","0","0"
"4","ctxtC","S29","77.2.58.98","29","C","2016-07-15 18:29:48","mouseout","0_2_1","0_2_1_3","0_0","Cf","38674","849","23","0.657142857143","35","0","0","0","1","0","0","0","0","0","0","0","0","849","0","0","0","0","0"
"4","ctxtC","S29","77.2.58.98","29","C","2016-07-15 18:29:48","mouseout","0_2_1","0_2_1_3","0_0","Df","39523","659","24","0.685714285714","35","0","0","0","0","1","0","0","0","0","0","0","0","0","659","0","0","0","0"
"4","ctxtC","S29","77.2.58.98","29","C","2016-07-15 18:29:48","mouseout","0_2_1","0_2_1_3","0_0","Dp","40183","579","25","0.714285714286","35","0","0","0","0","0","1","0","0","0","0","0","0","0","0","579","0","0","0"
"4","ctxtC","S29","77.2.58.98","29","C","2016-07-15 18:29:48","mouseout","0_2_1","0_2_1_3","0_0","Cp","40779","1060","26","0.742857142857","35","0","0","1","0","0","0","0","0","0","0","0","1060","0","0","0","0","0","0"
"4","ctxtC","S29","77.2.58.98","29","C","2016-07-15 18:29:48","mouseout","0_2_1","0_2_1_3","0_0","Dp","41839","1396","27","0.771428571429","35","0","0","0","0","0","1","0","0","0","0","0","0","0","0","1396","0","0","0"
"4","ctxtC","S29","77.2.58.98","29","C","2016-07-15 18:29:48","mouseout","0_2_1","0_2_1_3","0_0","Cp","43235","543","28","0.8","35","0","0","1","0","0","0","0","0","0","0","0","543","0","0","0","0","0","0"
"4","ctxtC","S29","77.2.58.98","29","C","2016-07-15 18:29:48","mouseout","0_2_1","0_2_1_3","0_0","Dp","43778","278","29","0.828571428571","35","0","0","0","0","0","1","0","0","0","0","0","0","0","0","278","0","0","0"
"4","ctxtC","S29","77.2.58.98","29","C","2016-07-15 18:29:48","mouseout","0_2_1","0_2_1_3","0_0","Df","44074","1966","30","0.857142857143","35","0","0","0","0","1","0","0","0","0","0","0","0","0","1966","0","0","0","0"
"4","ctxtC","S29","77.2.58.98","29","C","2016-07-15 18:29:48","mouseout","0_2_1","0_2_1_3","0_0","Cf","46040","1656","31","0.885714285714","35","0","0","0","1","0","0","0","0","0","0","0","0","1656","0","0","0","0","0"
"4","ctxtC","S29","77.2.58.98","29","C","2016-07-15 18:29:48","mouseout","0_2_1","0_2_1_3","0_0","Df","47696","1064","32","0.914285714286","35","0","0","0","0","1","0","0","0","0","0","0","0","0","1064","0","0","0","0"
"4","ctxtC","S29","77.2.58.98","29","C","2016-07-15 18:29:48","mouseout","0_2_1","0_2_1_3","0_0","Cf","48760","390","33","0.942857142857","35","0","0","0","1","0","0","0","0","0","0","0","0","390","0","0","0","0","0"
"4","ctxtC","S29","77.2.58.98","29","C","2016-07-15 18:29:48","mouseout","0_2_1","0_2_1_3","0_0","Dp","49357","387","34","0.971428571429","35","0","0","0","0","0","1","0","0","0","0","0","0","0","0","387","0","0","0"
"4","ctxtC","S29","77.2.58.98","29","C","2016-07-15 18:29:48","onclick","0_2_1","0_2_1_3","0_0","C","50079","305","35","1","35","0","0","0","0","0","0","1","0","0","0","0","0","0","0","0","305","0","0"
"28","ctxtC","S51","50.197.23.85","51","C","2016-07-15 20:17:22","mouseout","0_1_2","0_3_2_1","0_0","Tf","633","342","1","0.0181818181818","55","1","0","0","0","0","0","0","0","0","342","0","0","0","0","0","0","0","0"
"28","ctxtC","S51","50.197.23.85","51","C","2016-07-15 20:17:22","mouseout","0_1_2","0_3_2_1","0_0","Dp","1044","238","2","0.0363636363636","55","0","0","0","0","0","1","0","0","0","0","0","0","0","0","238","0","0","0"
"28","ctxtC","S51","50.197.23.85","51","C","2016-07-15 20:17:22","mouseout","0_1_2","0_3_2_1","0_0","Dp","8086","3818","3","0.0545454545455","55","0","0","0","0","0","1","0","0","0","0","0","0","0","0","3818","0","0","0"
"28","ctxtC","S51","50.197.23.85","51","C","2016-07-15 20:17:22","mouseout","0_1_2","0_3_2_1","0_0","Df","11904","1086","4","0.0727272727273","55","0","0","0","0","1","0","0","0","0","0","0","0","0","1086","0","0","0","0"
"28","ctxtC","S51","50.197.23.85","51","C","2016-07-15 20:17:22","mouseout","0_1_2","0_3_2_1","0_0","Tf","13008","263","5","0.0909090909091","55","1","0","0","0","0","0","0","0","0","263","0","0","0","0","0","0","0","0"
"28","ctxtC","S51","50.197.23.85","51","C","2016-07-15 20:17:22","mouseout","0_1_2","0_3_2_1","0_0","Df","13289","1709","6","0.109090909091","55","0","0","0","0","1","0","0","0","0","0","0","0","0","1709","0","0","0","0"
"28","ctxtC","S51","50.197.23.85","51","C","2016-07-15 20:17:22","mouseout","0_1_2","0_3_2_1","0_0","Tf","15017","613","7","0.127272727273","55","1","0","0","0","0","0","0","0","0","613","0","0","0","0","0","0","0","0"
"28","ctxtC","S51","50.197.23.85","51","C","2016-07-15 20:17:22","mouseout","0_1_2","0_3_2_1","0_0","Cf","15648","977","8","0.145454545455","55","0","0","0","1","0","0","0","0","0","0","0","0","977","0","0","0","0","0"
"28","ctxtC","S51","50.197.23.85","51","C","2016-07-15 20:17:22","mouseout","0_1_2","0_3_2_1","0_0","Tf","16642","842","9","0.163636363636","55","1","0","0","0","0","0","0","0","0","842","0","0","0","0","0","0","0","0"
"28","ctxtC","S51","50.197.23.85","51","C","2016-07-15 20:17:22","mouseout","0_1_2","0_3_2_1","0_0","Cf","17501","281","10","0.181818181818","55","0","0","0","1","0","0","0","0","0","0","0","0","281","0","0","0","0","0"
"28","ctxtC","S51","50.197.23.85","51","C","2016-07-15 20:17:22","mouseout","0_1_2","0_3_2_1","0_0","Tf","17783","434","11","0.2","55","1","0","0","0","0","0","0","0","0","434","0","0","0","0","0","0","0","0"
"28","ctxtC","S51","50.197.23.85","51","C","2016-07-15 20:17:22","mouseout","0_1_2","0_3_2_1","0_0","Df","18217","4989","12","0.218181818182","55","0","0","0","0","1","0","0","0","0","0","0","0","0","4989","0","0","0","0"
"28","ctxtC","S51","50.197.23.85","51","C","2016-07-15 20:17:22","mouseout","0_1_2","0_3_2_1","0_0","Tf","23224","2383","13","0.236363636364","55","1","0","0","0","0","0","0","0","0","2383","0","0","0","0","0","0","0","0"
"28","ctxtC","S51","50.197.23.85","51","C","2016-07-15 20:17:22","mouseout","0_1_2","0_3_2_1","0_0","Tp","25624","593","14","0.254545454545","55","0","1","0","0","0","0","0","0","0","0","593","0","0","0","0","0","0","0"
"28","ctxtC","S51","50.197.23.85","51","C","2016-07-15 20:17:22","mouseout","0_1_2","0_3_2_1","0_0","Dp","26218","1357","15","0.272727272727","55","0","0","0","0","0","1","0","0","0","0","0","0","0","0","1357","0","0","0"
"28","ctxtC","S51","50.197.23.85","51","C","2016-07-15 20:17:22","mouseout","0_1_2","0_3_2_1","0_0","Cp","27749","4732","16","0.290909090909","55","0","0","1","0","0","0","0","0","0","0","0","4732","0","0","0","0","0","0"
"28","ctxtC","S51","50.197.23.85","51","C","2016-07-15 20:17:22","mouseout","0_1_2","0_3_2_1","0_0","Cf","32482","740","17","0.309090909091","55","0","0","0","1","0","0","0","0","0","0","0","0","740","0","0","0","0","0"
"28","ctxtC","S51","50.197.23.85","51","C","2016-07-15 20:17:22","mouseout","0_1_2","0_3_2_1","0_0","Tf","33222","874","18","0.327272727273","55","1","0","0","0","0","0","0","0","0","874","0","0","0","0","0","0","0","0"
"28","ctxtC","S51","50.197.23.85","51","C","2016-07-15 20:17:22","mouseout","0_1_2","0_3_2_1","0_0","Cf","34130","253","19","0.345454545455","55","0","0","0","1","0","0","0","0","0","0","0","0","253","0","0","0","0","0"
"28","ctxtC","S51","50.197.23.85","51","C","2016-07-15 20:17:22","mouseout","0_1_2","0_3_2_1","0_0","Cp","34384","1842","20","0.363636363636","55","0","0","1","0","0","0","0","0","0","0","0","1842","0","0","0","0","0","0"
"28","ctxtC","S51","50.197.23.85","51","C","2016-07-15 20:17:22","mouseout","0_1_2","0_3_2_1","0_0","Tp","36226","1902","21","0.381818181818","55","0","1","0","0","0","0","0","0","0","0","1902","0","0","0","0","0","0","0"
"28","ctxtC","S51","50.197.23.85","51","C","2016-07-15 20:17:22","mouseout","0_1_2","0_3_2_1","0_0","Cp","38148","583","22","0.4","55","0","0","1","0","0","0","0","0","0","0","0","583","0","0","0","0","0","0"
"28","ctxtC","S51","50.197.23.85","51","C","2016-07-15 20:17:22","mouseout","0_1_2","0_3_2_1","0_0","Dp","38867","848","23","0.418181818182","55","0","0","0","0","0","1","0","0","0","0","0","0","0","0","848","0","0","0"
"28","ctxtC","S51","50.197.23.85","51","C","2016-07-15 20:17:22","mouseout","0_1_2","0_3_2_1","0_0","Tp","39732","631","24","0.436363636364","55","0","1","0","0","0","0","0","0","0","0","631","0","0","0","0","0","0","0"
"28","ctxtC","S51","50.197.23.85","51","C","2016-07-15 20:17:22","mouseout","0_1_2","0_3_2_1","0_0","Tf","40380","1237","25","0.454545454545","55","1","0","0","0","0","0","0","0","0","1237","0","0","0","0","0","0","0","0"
"28","ctxtC","S51","50.197.23.85","51","C","2016-07-15 20:17:22","mouseout","0_1_2","0_3_2_1","0_0","Cf","41656","1349","26","0.472727272727","55","0","0","0","1","0","0","0","0","0","0","0","0","1349","0","0","0","0","0"
"28","ctxtC","S51","50.197.23.85","51","C","2016-07-15 20:17:22","mouseout","0_1_2","0_3_2_1","0_0","Cp","43005","474","27","0.490909090909","55","0","0","1","0","0","0","0","0","0","0","0","474","0","0","0","0","0","0"
"28","ctxtC","S51","50.197.23.85","51","C","2016-07-15 20:17:22","mouseout","0_1_2","0_3_2_1","0_0","Tp","43479","612","28","0.509090909091","55","0","1","0","0","0","0","0","0","0","0","612","0","0","0","0","0","0","0"
"28","ctxtC","S51","50.197.23.85","51","C","2016-07-15 20:17:22","mouseout","0_1_2","0_3_2_1","0_0","Cp","44091","592","29","0.527272727273","55","0","0","1","0","0","0","0","0","0","0","0","592","0","0","0","0","0","0"
"28","ctxtC","S51","50.197.23.85","51","C","2016-07-15 20:17:22","mouseout","0_1_2","0_3_2_1","0_0","Cp","44828","716","30","0.545454545455","55","0","0","1","0","0","0","0","0","0","0","0","716","0","0","0","0","0","0"
"28","ctxtC","S51","50.197.23.85","51","C","2016-07-15 20:17:22","mouseout","0_1_2","0_3_2_1","0_0","Tp","45544","1190","31","0.563636363636","55","0","1","0","0","0","0","0","0","0","0","1190","0","0","0","0","0","0","0"
"28","ctxtC","S51","50.197.23.85","51","C","2016-07-15 20:17:22","mouseout","0_1_2","0_3_2_1","0_0","Cp","46735","607","32","0.581818181818","55","0","0","1","0","0","0","0","0","0","0","0","607","0","0","0","0","0","0"
"28","ctxtC","S51","50.197.23.85","51","C","2016-07-15 20:17:22","mouseout","0_1_2","0_3_2_1","0_0","Cf","47342","1983","33","0.6","55","0","0","0","1","0","0","0","0","0","0","0","0","1983","0","0","0","0","0"
"28","ctxtC","S51","50.197.23.85","51","C","2016-07-15 20:17:22","mouseout","0_1_2","0_3_2_1","0_0","Tf","49343","852","34","0.618181818182","55","1","0","0","0","0","0","0","0","0","852","0","0","0","0","0","0","0","0"
"28","ctxtC","S51","50.197.23.85","51","C","2016-07-15 20:17:22","mouseout","0_1_2","0_3_2_1","0_0","Cf","50196","916","35","0.636363636364","55","0","0","0","1","0","0","0","0","0","0","0","0","916","0","0","0","0","0"
"28","ctxtC","S51","50.197.23.85","51","C","2016-07-15 20:17:22","mouseout","0_1_2","0_3_2_1","0_0","Tf","51113","701","36","0.654545454545","55","1","0","0","0","0","0","0","0","0","701","0","0","0","0","0","0","0","0"
"28","ctxtC","S51","50.197.23.85","51","C","2016-07-15 20:17:22","mouseout","0_1_2","0_3_2_1","0_0","Cf","51814","827","37","0.672727272727","55","0","0","0","1","0","0","0","0","0","0","0","0","827","0","0","0","0","0"
"28","ctxtC","S51","50.197.23.85","51","C","2016-07-15 20:17:22","mouseout","0_1_2","0_3_2_1","0_0","Cp","52641","322","38","0.690909090909","55","0","0","1","0","0","0","0","0","0","0","0","322","0","0","0","0","0","0"
"28","ctxtC","S51","50.197.23.85","51","C","2016-07-15 20:17:22","mouseout","0_1_2","0_3_2_1","0_0","Tp","52980","6990","39","0.709090909091","55","0","1","0","0","0","0","0","0","0","0","6990","0","0","0","0","0","0","0"
"28","ctxtC","S51","50.197.23.85","51","C","2016-07-15 20:17:22","mouseout","0_1_2","0_3_2_1","0_0","Df","60056","861","40","0.727272727273","55","0","0","0","0","1","0","0","0","0","0","0","0","0","861","0","0","0","0"
"28","ctxtC","S51","50.197.23.85","51","C","2016-07-15 20:17:22","mouseout","0_1_2","0_3_2_1","0_0","Dp","60917","1305","41","0.745454545455","55","0","0","0","0","0","1","0","0","0","0","0","0","0","0","1305","0","0","0"
"28","ctxtC","S51","50.197.23.85","51","C","2016-07-15 20:17:22","mouseout","0_1_2","0_3_2_1","0_0","Tp","62239","623","42","0.763636363636","55","0","1","0","0","0","0","0","0","0","0","623","0","0","0","0","0","0","0"
"28","ctxtC","S51","50.197.23.85","51","C","2016-07-15 20:17:22","mouseout","0_1_2","0_3_2_1","0_0","Cp","62862","2931","43","0.781818181818","55","0","0","1","0","0","0","0","0","0","0","0","2931","0","0","0","0","0","0"
"28","ctxtC","S51","50.197.23.85","51","C","2016-07-15 20:17:22","mouseout","0_1_2","0_3_2_1","0_0","Tp","65810","591","44","0.8","55","0","1","0","0","0","0","0","0","0","0","591","0","0","0","0","0","0","0"
"28","ctxtC","S51","50.197.23.85","51","C","2016-07-15 20:17:22","mouseout","0_1_2","0_3_2_1","0_0","Dp","66401","704","45","0.818181818182","55","0","0","0","0","0","1","0","0","0","0","0","0","0","0","704","0","0","0"
"28","ctxtC","S51","50.197.23.85","51","C","2016-07-15 20:17:22","mouseout","0_1_2","0_3_2_1","0_0","Tp","67106","481","46","0.836363636364","55","0","1","0","0","0","0","0","0","0","0","481","0","0","0","0","0","0","0"
"28","ctxtC","S51","50.197.23.85","51","C","2016-07-15 20:17:22","mouseout","0_1_2","0_3_2_1","0_0","Cp","67587","1998","47","0.854545454545","55","0","0","1","0","0","0","0","0","0","0","0","1998","0","0","0","0","0","0"
"28","ctxtC","S51","50.197.23.85","51","C","2016-07-15 20:17:22","mouseout","0_1_2","0_3_2_1","0_0","Tp","69602","911","48","0.872727272727","55","0","1","0","0","0","0","0","0","0","0","911","0","0","0","0","0","0","0"
"28","ctxtC","S51","50.197.23.85","51","C","2016-07-15 20:17:22","mouseout","0_1_2","0_3_2_1","0_0","Dp","70513","632","49","0.890909090909","55","0","0","0","0","0","1","0","0","0","0","0","0","0","0","632","0","0","0"
"28","ctxtC","S51","50.197.23.85","51","C","2016-07-15 20:17:22","mouseout","0_1_2","0_3_2_1","0_0","Cf","71214","1168","50","0.909090909091","55","0","0","0","1","0","0","0","0","0","0","0","0","1168","0","0","0","0","0"
"28","ctxtC","S51","50.197.23.85","51","C","2016-07-15 20:17:22","onclick","0_1_2","0_3_2_1","0_0","C","72435","810","51","0.927272727273","55","0","0","0","0","0","0","1","0","0","0","0","0","0","0","0","810","0","0"
"28","ctxtC","S51","50.197.23.85","51","C","2016-07-15 20:17:22","mouseout","0_1_2","0_3_2_1","0_0","Cf","85563","306","52","0.945454545455","55","0","0","0","1","0","0","0","0","0","0","0","0","306","0","0","0","0","0"
"28","ctxtC","S51","50.197.23.85","51","C","2016-07-15 20:17:22","mouseout","0_1_2","0_3_2_1","0_0","Cp","85886","225","53","0.963636363636","55","0","0","1","0","0","0","0","0","0","0","0","225","0","0","0","0","0","0"
"28","ctxtC","S51","50.197.23.85","51","C","2016-07-15 20:17:22","mouseout","0_1_2","0_3_2_1","0_0","Cf","86129","381","54","0.981818181818","55","0","0","0","1","0","0","0","0","0","0","0","0","381","0","0","0","0","0"
"28","ctxtC","S51","50.197.23.85","51","C","2016-07-15 20:17:22","onclick","0_1_2","0_3_2_1","0_0","C","86527","522","55","1","55","0","0","0","0","0","0","1","0","0","0","0","0","0","0","0","522","0","0"
"40","ctxtC","S55","213.127.85.116","55","C","2016-07-15 20:37:58","mouseout","0_2_1","0_3_2_1","0_0","Df","21696","10235","1","0.047619047619","21","0","0","0","0","1","0","0","0","0","0","0","0","0","10235","0","0","0","0"
"40","ctxtC","S55","213.127.85.116","55","C","2016-07-15 20:37:58","mouseout","0_2_1","0_3_2_1","0_0","Dp","31947","4289","2","0.0952380952381","21","0","0","0","0","0","1","0","0","0","0","0","0","0","0","4289","0","0","0"
"40","ctxtC","S55","213.127.85.116","55","C","2016-07-15 20:37:58","mouseout","0_2_1","0_3_2_1","0_0","Df","36252","540","3","0.142857142857","21","0","0","0","0","1","0","0","0","0","0","0","0","0","540","0","0","0","0"
"40","ctxtC","S55","213.127.85.116","55","C","2016-07-15 20:37:58","mouseout","0_2_1","0_3_2_1","0_0","Tf","36792","8103","4","0.190476190476","21","1","0","0","0","0","0","0","0","0","8103","0","0","0","0","0","0","0","0"
"40","ctxtC","S55","213.127.85.116","55","C","2016-07-15 20:37:58","mouseout","0_2_1","0_3_2_1","0_0","Tp","44895","3092","5","0.238095238095","21","0","1","0","0","0","0","0","0","0","0","3092","0","0","0","0","0","0","0"
"40","ctxtC","S55","213.127.85.116","55","C","2016-07-15 20:37:58","mouseout","0_2_1","0_3_2_1","0_0","Dp","48018","915","6","0.285714285714","21","0","0","0","0","0","1","0","0","0","0","0","0","0","0","915","0","0","0"
"40","ctxtC","S55","213.127.85.116","55","C","2016-07-15 20:37:58","mouseout","0_2_1","0_3_2_1","0_0","Tp","48949","1041","7","0.333333333333","21","0","1","0","0","0","0","0","0","0","0","1041","0","0","0","0","0","0","0"
"40","ctxtC","S55","213.127.85.116","55","C","2016-07-15 20:37:58","mouseout","0_2_1","0_3_2_1","0_0","Dp","50005","583","8","0.380952380952","21","0","0","0","0","0","1","0","0","0","0","0","0","0","0","583","0","0","0"
"40","ctxtC","S55","213.127.85.116","55","C","2016-07-15 20:37:58","mouseout","0_2_1","0_3_2_1","0_0","Tp","50604","568","9","0.428571428571","21","0","1","0","0","0","0","0","0","0","0","568","0","0","0","0","0","0","0"
"40","ctxtC","S55","213.127.85.116","55","C","2016-07-15 20:37:58","mouseout","0_2_1","0_3_2_1","0_0","Dp","51188","693","10","0.47619047619","21","0","0","0","0","0","1","0","0","0","0","0","0","0","0","693","0","0","0"
"40","ctxtC","S55","213.127.85.116","55","C","2016-07-15 20:37:58","mouseout","0_2_1","0_3_2_1","0_0","Tp","51881","1464","11","0.52380952381","21","0","1","0","0","0","0","0","0","0","0","1464","0","0","0","0","0","0","0"
"40","ctxtC","S55","213.127.85.116","55","C","2016-07-15 20:37:58","mouseout","0_2_1","0_3_2_1","0_0","Dp","53345","703","12","0.571428571429","21","0","0","0","0","0","1","0","0","0","0","0","0","0","0","703","0","0","0"
"40","ctxtC","S55","213.127.85.116","55","C","2016-07-15 20:37:58","mouseout","0_2_1","0_3_2_1","0_0","Df","54048","1464","13","0.619047619048","21","0","0","0","0","1","0","0","0","0","0","0","0","0","1464","0","0","0","0"
"40","ctxtC","S55","213.127.85.116","55","C","2016-07-15 20:37:58","mouseout","0_2_1","0_3_2_1","0_0","Tf","55512","639","14","0.666666666667","21","1","0","0","0","0","0","0","0","0","639","0","0","0","0","0","0","0","0"
"40","ctxtC","S55","213.127.85.116","55","C","2016-07-15 20:37:58","mouseout","0_2_1","0_3_2_1","0_0","Df","56167","1726","15","0.714285714286","21","0","0","0","0","1","0","0","0","0","0","0","0","0","1726","0","0","0","0"
"40","ctxtC","S55","213.127.85.116","55","C","2016-07-15 20:37:58","mouseout","0_2_1","0_3_2_1","0_0","Tf","57909","828","16","0.761904761905","21","1","0","0","0","0","0","0","0","0","828","0","0","0","0","0","0","0","0"
"40","ctxtC","S55","213.127.85.116","55","C","2016-07-15 20:37:58","mouseout","0_2_1","0_3_2_1","0_0","Df","58753","913","17","0.809523809524","21","0","0","0","0","1","0","0","0","0","0","0","0","0","913","0","0","0","0"
"40","ctxtC","S55","213.127.85.116","55","C","2016-07-15 20:37:58","mouseout","0_2_1","0_3_2_1","0_0","Tf","59681","481","18","0.857142857143","21","1","0","0","0","0","0","0","0","0","481","0","0","0","0","0","0","0","0"
"40","ctxtC","S55","213.127.85.116","55","C","2016-07-15 20:37:58","mouseout","0_2_1","0_3_2_1","0_0","Cf","60177","3248","19","0.904761904762","21","0","0","0","1","0","0","0","0","0","0","0","0","3248","0","0","0","0","0"
"40","ctxtC","S55","213.127.85.116","55","C","2016-07-15 20:37:58","mouseout","0_2_1","0_3_2_1","0_0","Cp","63425","21269","20","0.952380952381","21","0","0","1","0","0","0","0","0","0","0","0","21269","0","0","0","0","0","0"
"40","ctxtC","S55","213.127.85.116","55","C","2016-07-15 20:37:58","onclick","0_2_1","0_3_2_1","0_0","C","84740","497","21","1","21","0","0","0","0","0","0","1","0","0","0","0","0","0","0","0","497","0","0"
"47","ctxtC","S59","74.134.138.203","59","C","2016-07-15 20:55:40","mouseout","0_1_2","0_3_2_1","0_0","Tf","40739","243","1","0.0555555555556","18","1","0","0","0","0","0","0","0","0","243","0","0","0","0","0","0","0","0"
"47","ctxtC","S59","74.134.138.203","59","C","2016-07-15 20:55:40","mouseout","0_1_2","0_3_2_1","0_0","Df","42114","206","2","0.111111111111","18","0","0","0","0","1","0","0","0","0","0","0","0","0","206","0","0","0","0"
"47","ctxtC","S59","74.134.138.203","59","C","2016-07-15 20:55:40","mouseout","0_1_2","0_3_2_1","0_0","Dp","47928","17130","3","0.166666666667","18","0","0","0","0","0","1","0","0","0","0","0","0","0","0","17130","0","0","0"
"47","ctxtC","S59","74.134.138.203","59","C","2016-07-15 20:55:40","mouseout","0_1_2","0_3_2_1","0_0","Dp","69516","6357","4","0.222222222222","18","0","0","0","0","0","1","0","0","0","0","0","0","0","0","6357","0","0","0"
"47","ctxtC","S59","74.134.138.203","59","C","2016-07-15 20:55:40","mouseout","0_1_2","0_3_2_1","0_0","Df","75889","16049","5","0.277777777778","18","0","0","0","0","1","0","0","0","0","0","0","0","0","16049","0","0","0","0"
"47","ctxtC","S59","74.134.138.203","59","C","2016-07-15 20:55:40","mouseout","0_1_2","0_3_2_1","0_0","Tp","91997","494","6","0.333333333333","18","0","1","0","0","0","0","0","0","0","0","494","0","0","0","0","0","0","0"
"47","ctxtC","S59","74.134.138.203","59","C","2016-07-15 20:55:40","mouseout","0_1_2","0_3_2_1","0_0","Tf","92491","673","7","0.388888888889","18","1","0","0","0","0","0","0","0","0","673","0","0","0","0","0","0","0","0"
"47","ctxtC","S59","74.134.138.203","59","C","2016-07-15 20:55:40","mouseout","0_1_2","0_3_2_1","0_0","Cf","93164","1609","8","0.444444444444","18","0","0","0","1","0","0","0","0","0","0","0","0","1609","0","0","0","0","0"
"47","ctxtC","S59","74.134.138.203","59","C","2016-07-15 20:55:40","mouseout","0_1_2","0_3_2_1","0_0","Cp","94773","2874","9","0.5","18","0","0","1","0","0","0","0","0","0","0","0","2874","0","0","0","0","0","0"
"47","ctxtC","S59","74.134.138.203","59","C","2016-07-15 20:55:40","mouseout","0_1_2","0_3_2_1","0_0","Dp","97703","969","10","0.555555555556","18","0","0","0","0","0","1","0","0","0","0","0","0","0","0","969","0","0","0"
"47","ctxtC","S59","74.134.138.203","59","C","2016-07-15 20:55:40","mouseout","0_1_2","0_3_2_1","0_0","Tp","99103","2854","11","0.611111111111","18","0","1","0","0","0","0","0","0","0","0","2854","0","0","0","0","0","0","0"
"47","ctxtC","S59","74.134.138.203","59","C","2016-07-15 20:55:40","mouseout","0_1_2","0_3_2_1","0_0","Cp","101957","695","12","0.666666666667","18","0","0","1","0","0","0","0","0","0","0","0","695","0","0","0","0","0","0"
"47","ctxtC","S59","74.134.138.203","59","C","2016-07-15 20:55:40","mouseout","0_1_2","0_3_2_1","0_0","Tp","102652","487","13","0.722222222222","18","0","1","0","0","0","0","0","0","0","0","487","0","0","0","0","0","0","0"
"47","ctxtC","S59","74.134.138.203","59","C","2016-07-15 20:55:40","mouseout","0_1_2","0_3_2_1","0_0","Tf","103139","1452","14","0.777777777778","18","1","0","0","0","0","0","0","0","0","1452","0","0","0","0","0","0","0","0"
"47","ctxtC","S59","74.134.138.203","59","C","2016-07-15 20:55:40","mouseout","0_1_2","0_3_2_1","0_0","Cf","104606","1952","15","0.833333333333","18","0","0","0","1","0","0","0","0","0","0","0","0","1952","0","0","0","0","0"
"47","ctxtC","S59","74.134.138.203","59","C","2016-07-15 20:55:40","mouseout","0_1_2","0_3_2_1","0_0","Tf","106647","679","16","0.888888888889","18","1","0","0","0","0","0","0","0","0","679","0","0","0","0","0","0","0","0"
"47","ctxtC","S59","74.134.138.203","59","C","2016-07-15 20:55:40","mouseout","0_1_2","0_3_2_1","0_0","Cf","107341","712","17","0.944444444444","18","0","0","0","1","0","0","0","0","0","0","0","0","712","0","0","0","0","0"
"47","ctxtC","S59","74.134.138.203","59","C","2016-07-15 20:55:40","onclick","0_1_2","0_3_2_1","0_0","C","108098","467","18","1","18","0","0","0","0","0","0","1","0","0","0","0","0","0","0","0","467","0","0"
"57","ctxtC","S63","192.68.112.173","63","C","2016-07-15 21:26:32","mouseout","0_2_1","0_3_2_1","0_0","Dp","573","244","1","0.0217391304348","46","0","0","0","0","0","1","0","0","0","0","0","0","0","0","244","0","0","0"
"57","ctxtC","S63","192.68.112.173","63","C","2016-07-15 21:26:32","mouseout","0_2_1","0_3_2_1","0_0","Df","24179","4176","2","0.0434782608696","46","0","0","0","0","1","0","0","0","0","0","0","0","0","4176","0","0","0","0"
"57","ctxtC","S63","192.68.112.173","63","C","2016-07-15 21:26:32","mouseout","0_2_1","0_3_2_1","0_0","Tf","28365","444","3","0.0652173913043","46","1","0","0","0","0","0","0","0","0","444","0","0","0","0","0","0","0","0"
"57","ctxtC","S63","192.68.112.173","63","C","2016-07-15 21:26:32","mouseout","0_2_1","0_3_2_1","0_0","Cf","28819","390","4","0.0869565217391","46","0","0","0","1","0","0","0","0","0","0","0","0","390","0","0","0","0","0"
"57","ctxtC","S63","192.68.112.173","63","C","2016-07-15 21:26:32","mouseout","0_2_1","0_3_2_1","0_0","Cp","29209","290","5","0.108695652174","46","0","0","1","0","0","0","0","0","0","0","0","290","0","0","0","0","0","0"
"57","ctxtC","S63","192.68.112.173","63","C","2016-07-15 21:26:32","mouseout","0_2_1","0_3_2_1","0_0","Tp","29499","303","6","0.130434782609","46","0","1","0","0","0","0","0","0","0","0","303","0","0","0","0","0","0","0"
"57","ctxtC","S63","192.68.112.173","63","C","2016-07-15 21:26:32","mouseout","0_2_1","0_3_2_1","0_0","Dp","29812","420","7","0.152173913043","46","0","0","0","0","0","1","0","0","0","0","0","0","0","0","420","0","0","0"
"57","ctxtC","S63","192.68.112.173","63","C","2016-07-15 21:26:32","mouseout","0_2_1","0_3_2_1","0_0","Df","30232","320","8","0.173913043478","46","0","0","0","0","1","0","0","0","0","0","0","0","0","320","0","0","0","0"
"57","ctxtC","S63","192.68.112.173","63","C","2016-07-15 21:26:32","mouseout","0_2_1","0_3_2_1","0_0","Df","31675","934","9","0.195652173913","46","0","0","0","0","1","0","0","0","0","0","0","0","0","934","0","0","0","0"
"57","ctxtC","S63","192.68.112.173","63","C","2016-07-15 21:26:32","mouseout","0_2_1","0_3_2_1","0_0","Tf","32609","579","10","0.217391304348","46","1","0","0","0","0","0","0","0","0","579","0","0","0","0","0","0","0","0"
"57","ctxtC","S63","192.68.112.173","63","C","2016-07-15 21:26:32","mouseout","0_2_1","0_3_2_1","0_0","Df","33188","5656","11","0.239130434783","46","0","0","0","0","1","0","0","0","0","0","0","0","0","5656","0","0","0","0"
"57","ctxtC","S63","192.68.112.173","63","C","2016-07-15 21:26:32","mouseout","0_2_1","0_3_2_1","0_0","Df","39091","909","12","0.260869565217","46","0","0","0","0","1","0","0","0","0","0","0","0","0","909","0","0","0","0"
"57","ctxtC","S63","192.68.112.173","63","C","2016-07-15 21:26:32","mouseout","0_2_1","0_3_2_1","0_0","Dp","40010","1697","13","0.282608695652","46","0","0","0","0","0","1","0","0","0","0","0","0","0","0","1697","0","0","0"
"57","ctxtC","S63","192.68.112.173","63","C","2016-07-15 21:26:32","mouseout","0_2_1","0_3_2_1","0_0","Tp","41707","630","14","0.304347826087","46","0","1","0","0","0","0","0","0","0","0","630","0","0","0","0","0","0","0"
"57","ctxtC","S63","192.68.112.173","63","C","2016-07-15 21:26:32","mouseout","0_2_1","0_3_2_1","0_0","Cp","42347","983","15","0.326086956522","46","0","0","1","0","0","0","0","0","0","0","0","983","0","0","0","0","0","0"
"57","ctxtC","S63","192.68.112.173","63","C","2016-07-15 21:26:32","mouseout","0_2_1","0_3_2_1","0_0","Tp","43340","330","16","0.347826086957","46","0","1","0","0","0","0","0","0","0","0","330","0","0","0","0","0","0","0"
"57","ctxtC","S63","192.68.112.173","63","C","2016-07-15 21:26:32","mouseout","0_2_1","0_3_2_1","0_0","Dp","43680","1397","17","0.369565217391","46","0","0","0","0","0","1","0","0","0","0","0","0","0","0","1397","0","0","0"
"57","ctxtC","S63","192.68.112.173","63","C","2016-07-15 21:26:32","mouseout","0_2_1","0_3_2_1","0_0","Tp","45087","688","18","0.391304347826","46","0","1","0","0","0","0","0","0","0","0","688","0","0","0","0","0","0","0"
"57","ctxtC","S63","192.68.112.173","63","C","2016-07-15 21:26:32","mouseout","0_2_1","0_3_2_1","0_0","Dp","45785","1622","19","0.413043478261","46","0","0","0","0","0","1","0","0","0","0","0","0","0","0","1622","0","0","0"
"57","ctxtC","S63","192.68.112.173","63","C","2016-07-15 21:26:32","mouseout","0_2_1","0_3_2_1","0_0","Tp","47417","946","20","0.434782608696","46","0","1","0","0","0","0","0","0","0","0","946","0","0","0","0","0","0","0"
"57","ctxtC","S63","192.68.112.173","63","C","2016-07-15 21:26:32","mouseout","0_2_1","0_3_2_1","0_0","Dp","48363","639","21","0.45652173913","46","0","0","0","0","0","1","0","0","0","0","0","0","0","0","639","0","0","0"
"57","ctxtC","S63","192.68.112.173","63","C","2016-07-15 21:26:32","mouseout","0_2_1","0_3_2_1","0_0","Tp","49002","1218","22","0.478260869565","46","0","1","0","0","0","0","0","0","0","0","1218","0","0","0","0","0","0","0"
"57","ctxtC","S63","192.68.112.173","63","C","2016-07-15 21:26:32","mouseout","0_2_1","0_3_2_1","0_0","Cp","50220","4632","23","0.5","46","0","0","1","0","0","0","0","0","0","0","0","4632","0","0","0","0","0","0"
"57","ctxtC","S63","192.68.112.173","63","C","2016-07-15 21:26:32","mouseout","0_2_1","0_3_2_1","0_0","Cf","54862","4903","24","0.521739130435","46","0","0","0","1","0","0","0","0","0","0","0","0","4903","0","0","0","0","0"
"57","ctxtC","S63","192.68.112.173","63","C","2016-07-15 21:26:32","mouseout","0_2_1","0_3_2_1","0_0","Cp","59775","773","25","0.54347826087","46","0","0","1","0","0","0","0","0","0","0","0","773","0","0","0","0","0","0"
"57","ctxtC","S63","192.68.112.173","63","C","2016-07-15 21:26:32","mouseout","0_2_1","0_3_2_1","0_0","Cf","60548","1329","26","0.565217391304","46","0","0","0","1","0","0","0","0","0","0","0","0","1329","0","0","0","0","0"
"57","ctxtC","S63","192.68.112.173","63","C","2016-07-15 21:26:32","mouseout","0_2_1","0_3_2_1","0_0","Cp","61887","1310","27","0.586956521739","46","0","0","1","0","0","0","0","0","0","0","0","1310","0","0","0","0","0","0"
"57","ctxtC","S63","192.68.112.173","63","C","2016-07-15 21:26:32","mouseout","0_2_1","0_3_2_1","0_0","Tp","63197","597","28","0.608695652174","46","0","1","0","0","0","0","0","0","0","0","597","0","0","0","0","0","0","0"
"57","ctxtC","S63","192.68.112.173","63","C","2016-07-15 21:26:32","mouseout","0_2_1","0_3_2_1","0_0","Dp","63804","485","29","0.630434782609","46","0","0","0","0","0","1","0","0","0","0","0","0","0","0","485","0","0","0"
"57","ctxtC","S63","192.68.112.173","63","C","2016-07-15 21:26:32","mouseout","0_2_1","0_3_2_1","0_0","Cp","64467","599","30","0.652173913043","46","0","0","1","0","0","0","0","0","0","0","0","599","0","0","0","0","0","0"
"57","ctxtC","S63","192.68.112.173","63","C","2016-07-15 21:26:32","mouseout","0_2_1","0_3_2_1","0_0","Cf","65095","1657","31","0.673913043478","46","0","0","0","1","0","0","0","0","0","0","0","0","1657","0","0","0","0","0"
"57","ctxtC","S63","192.68.112.173","63","C","2016-07-15 21:26:32","mouseout","0_2_1","0_3_2_1","0_0","Tf","66762","1713","32","0.695652173913","46","1","0","0","0","0","0","0","0","0","1713","0","0","0","0","0","0","0","0"
"57","ctxtC","S63","192.68.112.173","63","C","2016-07-15 21:26:32","mouseout","0_2_1","0_3_2_1","0_0","Tp","68475","605","33","0.717391304348","46","0","1","0","0","0","0","0","0","0","0","605","0","0","0","0","0","0","0"
"57","ctxtC","S63","192.68.112.173","63","C","2016-07-15 21:26:32","mouseout","0_2_1","0_3_2_1","0_0","Cp","69090","677","34","0.739130434783","46","0","0","1","0","0","0","0","0","0","0","0","677","0","0","0","0","0","0"
"57","ctxtC","S63","192.68.112.173","63","C","2016-07-15 21:26:32","mouseout","0_2_1","0_3_2_1","0_0","Tp","69767","1153","35","0.760869565217","46","0","1","0","0","0","0","0","0","0","0","1153","0","0","0","0","0","0","0"
"57","ctxtC","S63","192.68.112.173","63","C","2016-07-15 21:26:32","mouseout","0_2_1","0_3_2_1","0_0","Cp","70920","2019","36","0.782608695652","46","0","0","1","0","0","0","0","0","0","0","0","2019","0","0","0","0","0","0"
"57","ctxtC","S63","192.68.112.173","63","C","2016-07-15 21:26:32","mouseout","0_2_1","0_3_2_1","0_0","Tp","72939","717","37","0.804347826087","46","0","1","0","0","0","0","0","0","0","0","717","0","0","0","0","0","0","0"
"57","ctxtC","S63","192.68.112.173","63","C","2016-07-15 21:26:32","mouseout","0_2_1","0_3_2_1","0_0","Dp","73656","767","38","0.826086956522","46","0","0","0","0","0","1","0","0","0","0","0","0","0","0","767","0","0","0"
"57","ctxtC","S63","192.68.112.173","63","C","2016-07-15 21:26:32","mouseout","0_2_1","0_3_2_1","0_0","Df","74423","866","39","0.847826086957","46","0","0","0","0","1","0","0","0","0","0","0","0","0","866","0","0","0","0"
"57","ctxtC","S63","192.68.112.173","63","C","2016-07-15 21:26:32","mouseout","0_2_1","0_3_2_1","0_0","Tf","75289","1908","40","0.869565217391","46","1","0","0","0","0","0","0","0","0","1908","0","0","0","0","0","0","0","0"
"57","ctxtC","S63","192.68.112.173","63","C","2016-07-15 21:26:32","mouseout","0_2_1","0_3_2_1","0_0","Cf","77207","775","41","0.891304347826","46","0","0","0","1","0","0","0","0","0","0","0","0","775","0","0","0","0","0"
"57","ctxtC","S63","192.68.112.173","63","C","2016-07-15 21:26:32","mouseout","0_2_1","0_3_2_1","0_0","Cp","77992","290","42","0.913043478261","46","0","0","1","0","0","0","0","0","0","0","0","290","0","0","0","0","0","0"
"57","ctxtC","S63","192.68.112.173","63","C","2016-07-15 21:26:32","onclick","0_2_1","0_3_2_1","0_0","C","78479","427","43","0.934782608696","46","0","0","0","0","0","0","1","0","0","0","0","0","0","0","0","427","0","0"
"57","ctxtC","S63","192.68.112.173","63","C","2016-07-15 21:26:32","mouseout","0_2_1","0_3_2_1","0_0","Cp","80211","460","44","0.95652173913","46","0","0","1","0","0","0","0","0","0","0","0","460","0","0","0","0","0","0"
"57","ctxtC","S63","192.68.112.173","63","C","2016-07-15 21:26:32","mouseout","0_2_1","0_3_2_1","0_0","Cf","80671","618","45","0.978260869565","46","0","0","0","1","0","0","0","0","0","0","0","0","618","0","0","0","0","0"
"57","ctxtC","S63","192.68.112.173","63","C","2016-07-15 21:26:32","onclick","0_2_1","0_3_2_1","0_0","C","81639","558","46","1","46","0","0","0","0","0","0","1","0","0","0","0","0","0","0","0","558","0","0"
"67","ctxtC","S67","213.126.58.10","67","C","2016-07-15 22:03:39","mouseout","0_1_2","0_3_2_1","0_0","Df","1150","472","1","0.0263157894737","38","0","0","0","0","1","0","0","0","0","0","0","0","0","472","0","0","0","0"
"67","ctxtC","S67","213.126.58.10","67","C","2016-07-15 22:03:39","mouseout","0_1_2","0_3_2_1","0_0","Dp","25663","16065","2","0.0526315789474","38","0","0","0","0","0","1","0","0","0","0","0","0","0","0","16065","0","0","0"
"67","ctxtC","S67","213.126.58.10","67","C","2016-07-15 22:03:39","mouseout","0_1_2","0_3_2_1","0_0","Df","41752","5555","3","0.0789473684211","38","0","0","0","0","1","0","0","0","0","0","0","0","0","5555","0","0","0","0"
"67","ctxtC","S67","213.126.58.10","67","C","2016-07-15 22:03:39","mouseout","0_1_2","0_3_2_1","0_0","Dp","47318","473","4","0.105263157895","38","0","0","0","0","0","1","0","0","0","0","0","0","0","0","473","0","0","0"
"67","ctxtC","S67","213.126.58.10","67","C","2016-07-15 22:03:39","mouseout","0_1_2","0_3_2_1","0_0","Tp","47791","1225","5","0.131578947368","38","0","1","0","0","0","0","0","0","0","0","1225","0","0","0","0","0","0","0"
"67","ctxtC","S67","213.126.58.10","67","C","2016-07-15 22:03:39","mouseout","0_1_2","0_3_2_1","0_0","Dp","49049","961","6","0.157894736842","38","0","0","0","0","0","1","0","0","0","0","0","0","0","0","961","0","0","0"
"67","ctxtC","S67","213.126.58.10","67","C","2016-07-15 22:03:39","mouseout","0_1_2","0_3_2_1","0_0","Tp","50023","3115","7","0.184210526316","38","0","1","0","0","0","0","0","0","0","0","3115","0","0","0","0","0","0","0"
"67","ctxtC","S67","213.126.58.10","67","C","2016-07-15 22:03:39","mouseout","0_1_2","0_3_2_1","0_0","Dp","53139","739","8","0.210526315789","38","0","0","0","0","0","1","0","0","0","0","0","0","0","0","739","0","0","0"
"67","ctxtC","S67","213.126.58.10","67","C","2016-07-15 22:03:39","mouseout","0_1_2","0_3_2_1","0_0","Tp","53891","483","9","0.236842105263","38","0","1","0","0","0","0","0","0","0","0","483","0","0","0","0","0","0","0"
"67","ctxtC","S67","213.126.58.10","67","C","2016-07-15 22:03:39","mouseout","0_1_2","0_3_2_1","0_0","Dp","54374","573","10","0.263157894737","38","0","0","0","0","0","1","0","0","0","0","0","0","0","0","573","0","0","0"
"67","ctxtC","S67","213.126.58.10","67","C","2016-07-15 22:03:39","mouseout","0_1_2","0_3_2_1","0_0","Tp","54960","967","11","0.289473684211","38","0","1","0","0","0","0","0","0","0","0","967","0","0","0","0","0","0","0"
"67","ctxtC","S67","213.126.58.10","67","C","2016-07-15 22:03:39","mouseout","0_1_2","0_3_2_1","0_0","Dp","55939","545","12","0.315789473684","38","0","0","0","0","0","1","0","0","0","0","0","0","0","0","545","0","0","0"
"67","ctxtC","S67","213.126.58.10","67","C","2016-07-15 22:03:39","mouseout","0_1_2","0_3_2_1","0_0","Tp","56497","557","13","0.342105263158","38","0","1","0","0","0","0","0","0","0","0","557","0","0","0","0","0","0","0"
"67","ctxtC","S67","213.126.58.10","67","C","2016-07-15 22:03:39","mouseout","0_1_2","0_3_2_1","0_0","Cp","57055","933","14","0.368421052632","38","0","0","1","0","0","0","0","0","0","0","0","933","0","0","0","0","0","0"
"67","ctxtC","S67","213.126.58.10","67","C","2016-07-15 22:03:39","mouseout","0_1_2","0_3_2_1","0_0","Tp","57988","715","15","0.394736842105","38","0","1","0","0","0","0","0","0","0","0","715","0","0","0","0","0","0","0"
"67","ctxtC","S67","213.126.58.10","67","C","2016-07-15 22:03:39","mouseout","0_1_2","0_3_2_1","0_0","Cp","58715","1080","16","0.421052631579","38","0","0","1","0","0","0","0","0","0","0","0","1080","0","0","0","0","0","0"
"67","ctxtC","S67","213.126.58.10","67","C","2016-07-15 22:03:39","mouseout","0_1_2","0_3_2_1","0_0","Tp","59795","557","17","0.447368421053","38","0","1","0","0","0","0","0","0","0","0","557","0","0","0","0","0","0","0"
"67","ctxtC","S67","213.126.58.10","67","C","2016-07-15 22:03:39","mouseout","0_1_2","0_3_2_1","0_0","Cp","60364","376","18","0.473684210526","38","0","0","1","0","0","0","0","0","0","0","0","376","0","0","0","0","0","0"
"67","ctxtC","S67","213.126.58.10","67","C","2016-07-15 22:03:39","mouseout","0_1_2","0_3_2_1","0_0","Cf","60752","2461","19","0.5","38","0","0","0","1","0","0","0","0","0","0","0","0","2461","0","0","0","0","0"
"67","ctxtC","S67","213.126.58.10","67","C","2016-07-15 22:03:39","mouseout","0_1_2","0_3_2_1","0_0","Tf","63225","1772","20","0.526315789474","38","1","0","0","0","0","0","0","0","0","1772","0","0","0","0","0","0","0","0"
"67","ctxtC","S67","213.126.58.10","67","C","2016-07-15 22:03:39","mouseout","0_1_2","0_3_2_1","0_0","Cf","65010","5611","21","0.552631578947","38","0","0","0","1","0","0","0","0","0","0","0","0","5611","0","0","0","0","0"
"67","ctxtC","S67","213.126.58.10","67","C","2016-07-15 22:03:39","mouseout","0_1_2","0_3_2_1","0_0","Tf","70887","3210","22","0.578947368421","38","1","0","0","0","0","0","0","0","0","3210","0","0","0","0","0","0","0","0"
"67","ctxtC","S67","213.126.58.10","67","C","2016-07-15 22:03:39","mouseout","0_1_2","0_3_2_1","0_0","Cp","74109","1528","23","0.605263157895","38","0","0","1","0","0","0","0","0","0","0","0","1528","0","0","0","0","0","0"
"67","ctxtC","S67","213.126.58.10","67","C","2016-07-15 22:03:39","mouseout","0_1_2","0_3_2_1","0_0","Tp","75637","2000","24","0.631578947368","38","0","1","0","0","0","0","0","0","0","0","2000","0","0","0","0","0","0","0"
"67","ctxtC","S67","213.126.58.10","67","C","2016-07-15 22:03:39","mouseout","0_1_2","0_3_2_1","0_0","Cp","77637","2983","25","0.657894736842","38","0","0","1","0","0","0","0","0","0","0","0","2983","0","0","0","0","0","0"
"67","ctxtC","S67","213.126.58.10","67","C","2016-07-15 22:03:39","mouseout","0_1_2","0_3_2_1","0_0","Tp","80633","1358","26","0.684210526316","38","0","1","0","0","0","0","0","0","0","0","1358","0","0","0","0","0","0","0"
"67","ctxtC","S67","213.126.58.10","67","C","2016-07-15 22:03:39","mouseout","0_1_2","0_3_2_1","0_0","Dp","81991","2691","27","0.710526315789","38","0","0","0","0","0","1","0","0","0","0","0","0","0","0","2691","0","0","0"
"67","ctxtC","S67","213.126.58.10","67","C","2016-07-15 22:03:39","mouseout","0_1_2","0_3_2_1","0_0","Df","84707","20901","28","0.736842105263","38","0","0","0","0","1","0","0","0","0","0","0","0","0","20901","0","0","0","0"
"67","ctxtC","S67","213.126.58.10","67","C","2016-07-15 22:03:39","mouseout","0_1_2","0_3_2_1","0_0","Cf","152273","422","29","0.763157894737","38","0","0","0","1","0","0","0","0","0","0","0","0","422","0","0","0","0","0"
"67","ctxtC","S67","213.126.58.10","67","C","2016-07-15 22:03:39","mouseout","0_1_2","0_3_2_1","0_0","Cp","152707","2394","30","0.789473684211","38","0","0","1","0","0","0","0","0","0","0","0","2394","0","0","0","0","0","0"
"67","ctxtC","S67","213.126.58.10","67","C","2016-07-15 22:03:39","mouseout","0_1_2","0_3_2_1","0_0","Tp","155101","1387","31","0.815789473684","38","0","1","0","0","0","0","0","0","0","0","1387","0","0","0","0","0","0","0"
"67","ctxtC","S67","213.126.58.10","67","C","2016-07-15 22:03:39","mouseout","0_1_2","0_3_2_1","0_0","Cf","209065","1867","32","0.842105263158","38","0","0","0","1","0","0","0","0","0","0","0","0","1867","0","0","0","0","0"
"67","ctxtC","S67","213.126.58.10","67","C","2016-07-15 22:03:39","mouseout","0_1_2","0_3_2_1","0_0","Tf","210944","897","33","0.868421052632","38","1","0","0","0","0","0","0","0","0","897","0","0","0","0","0","0","0","0"
"67","ctxtC","S67","213.126.58.10","67","C","2016-07-15 22:03:39","mouseout","0_1_2","0_3_2_1","0_0","Cp","211902","775","34","0.894736842105","38","0","0","1","0","0","0","0","0","0","0","0","775","0","0","0","0","0","0"
"67","ctxtC","S67","213.126.58.10","67","C","2016-07-15 22:03:39","mouseout","0_1_2","0_3_2_1","0_0","Tp","212678","874","35","0.921052631579","38","0","1","0","0","0","0","0","0","0","0","874","0","0","0","0","0","0","0"
"67","ctxtC","S67","213.126.58.10","67","C","2016-07-15 22:03:39","mouseout","0_1_2","0_3_2_1","0_0","Cf","213587","243","36","0.947368421053","38","0","0","0","1","0","0","0","0","0","0","0","0","243","0","0","0","0","0"
"67","ctxtC","S67","213.126.58.10","67","C","2016-07-15 22:03:39","mouseout","0_1_2","0_3_2_1","0_0","C","213843","1708","37","0.973684210526","38","0","0","0","0","0","0","1","0","0","0","0","0","0","0","0","1708","0","0"
"67","ctxtC","S67","213.126.58.10","67","C","2016-07-15 22:03:39","onclick","0_1_2","0_3_2_1","0_0","C","219600","838","38","1","38","0","0","0","0","0","0","1","0","0","0","0","0","0","0","0","838","0","0"
"74","ctxtC","S69","213.126.58.10","69","C","2016-07-15 22:24:45","mouseout","0_2_1","0_2_1_3","0_0","Tf","31811","10297","1","0.0416666666667","24","1","0","0","0","0","0","0","0","0","10297","0","0","0","0","0","0","0","0"
"74","ctxtC","S69","213.126.58.10","69","C","2016-07-15 22:24:45","mouseout","0_2_1","0_2_1_3","0_0","Tp","42120","1114","2","0.0833333333333","24","0","1","0","0","0","0","0","0","0","0","1114","0","0","0","0","0","0","0"
"74","ctxtC","S69","213.126.58.10","69","C","2016-07-15 22:24:45","mouseout","0_2_1","0_2_1_3","0_0","Tf","43234","6628","3","0.125","24","1","0","0","0","0","0","0","0","0","6628","0","0","0","0","0","0","0","0"
"74","ctxtC","S69","213.126.58.10","69","C","2016-07-15 22:24:45","mouseout","0_2_1","0_2_1_3","0_0","Tp","49886","5279","4","0.166666666667","24","0","1","0","0","0","0","0","0","0","0","5279","0","0","0","0","0","0","0"
"74","ctxtC","S69","213.126.58.10","69","C","2016-07-15 22:24:45","mouseout","0_2_1","0_2_1_3","0_0","Tf","55166","666","5","0.208333333333","24","1","0","0","0","0","0","0","0","0","666","0","0","0","0","0","0","0","0"
"74","ctxtC","S69","213.126.58.10","69","C","2016-07-15 22:24:45","mouseout","0_2_1","0_2_1_3","0_0","Tp","55869","2337","6","0.25","24","0","1","0","0","0","0","0","0","0","0","2337","0","0","0","0","0","0","0"
"74","ctxtC","S69","213.126.58.10","69","C","2016-07-15 22:24:45","mouseout","0_2_1","0_2_1_3","0_0","Tp","58570","1163","7","0.291666666667","24","0","1","0","0","0","0","0","0","0","0","1163","0","0","0","0","0","0","0"
"74","ctxtC","S69","213.126.58.10","69","C","2016-07-15 22:24:45","mouseout","0_2_1","0_2_1_3","0_0","Cf","59766","6644","8","0.333333333333","24","0","0","0","1","0","0","0","0","0","0","0","0","6644","0","0","0","0","0"
"74","ctxtC","S69","213.126.58.10","69","C","2016-07-15 22:24:45","mouseout","0_2_1","0_2_1_3","0_0","Tf","66421","970","9","0.375","24","1","0","0","0","0","0","0","0","0","970","0","0","0","0","0","0","0","0"
"74","ctxtC","S69","213.126.58.10","69","C","2016-07-15 22:24:45","mouseout","0_2_1","0_2_1_3","0_0","Cf","67391","1114","10","0.416666666667","24","0","0","0","1","0","0","0","0","0","0","0","0","1114","0","0","0","0","0"
"74","ctxtC","S69","213.126.58.10","69","C","2016-07-15 22:24:45","mouseout","0_2_1","0_2_1_3","0_0","Cp","68555","1283","11","0.458333333333","24","0","0","1","0","0","0","0","0","0","0","0","1283","0","0","0","0","0","0"
"74","ctxtC","S69","213.126.58.10","69","C","2016-07-15 22:24:45","mouseout","0_2_1","0_2_1_3","0_0","Tp","69852","689","12","0.5","24","0","1","0","0","0","0","0","0","0","0","689","0","0","0","0","0","0","0"
"74","ctxtC","S69","213.126.58.10","69","C","2016-07-15 22:24:45","mouseout","0_2_1","0_2_1_3","0_0","Cp","70554","1151","13","0.541666666667","24","0","0","1","0","0","0","0","0","0","0","0","1151","0","0","0","0","0","0"
"74","ctxtC","S69","213.126.58.10","69","C","2016-07-15 22:24:45","mouseout","0_2_1","0_2_1_3","0_0","Tp","72019","787","14","0.583333333333","24","0","1","0","0","0","0","0","0","0","0","787","0","0","0","0","0","0","0"
"74","ctxtC","S69","213.126.58.10","69","C","2016-07-15 22:24:45","mouseout","0_2_1","0_2_1_3","0_0","Cp","72819","909","15","0.625","24","0","0","1","0","0","0","0","0","0","0","0","909","0","0","0","0","0","0"
"74","ctxtC","S69","213.126.58.10","69","C","2016-07-15 22:24:45","mouseout","0_2_1","0_2_1_3","0_0","Tp","73728","326","16","0.666666666667","24","0","1","0","0","0","0","0","0","0","0","326","0","0","0","0","0","0","0"
"74","ctxtC","S69","213.126.58.10","69","C","2016-07-15 22:24:45","mouseout","0_2_1","0_2_1_3","0_0","Tf","74090","1406","17","0.708333333333","24","1","0","0","0","0","0","0","0","0","1406","0","0","0","0","0","0","0","0"
"74","ctxtC","S69","213.126.58.10","69","C","2016-07-15 22:24:45","mouseout","0_2_1","0_2_1_3","0_0","Cp","75520","2375","18","0.75","24","0","0","1","0","0","0","0","0","0","0","0","2375","0","0","0","0","0","0"
"74","ctxtC","S69","213.126.58.10","69","C","2016-07-15 22:24:45","mouseout","0_2_1","0_2_1_3","0_0","Df","77955","2000","19","0.791666666667","24","0","0","0","0","1","0","0","0","0","0","0","0","0","2000","0","0","0","0"
"74","ctxtC","S69","213.126.58.10","69","C","2016-07-15 22:24:45","mouseout","0_2_1","0_2_1_3","0_0","Dp","79979","2048","20","0.833333333333","24","0","0","0","0","0","1","0","0","0","0","0","0","0","0","2048","0","0","0"
"74","ctxtC","S69","213.126.58.10","69","C","2016-07-15 22:24:45","mouseout","0_2_1","0_2_1_3","0_0","Cp","82040","1029","21","0.875","24","0","0","1","0","0","0","0","0","0","0","0","1029","0","0","0","0","0","0"
"74","ctxtC","S69","213.126.58.10","69","C","2016-07-15 22:24:45","mouseout","0_2_1","0_2_1_3","0_0","Dp","83081","679","22","0.916666666667","24","0","0","0","0","0","1","0","0","0","0","0","0","0","0","679","0","0","0"
"74","ctxtC","S69","213.126.58.10","69","C","2016-07-15 22:24:45","onclick","0_2_1","0_2_1_3","0_0","C","84317","1057","23","0.958333333333","24","0","0","0","0","0","0","1","0","0","0","0","0","0","0","0","1057","0","0"
"74","ctxtC","S69","213.126.58.10","69","C","2016-07-15 22:24:45","mouseout","0_2_1","0_2_1_3","0_0","Dp","86279","545","24","1","24","0","0","0","0","0","1","0","0","0","0","0","0","0","0","545","0","0","0"
"84","ctxtC","S71","77.251.245.190","71","C","2016-07-15 22:40:54","mouseout","0_2_1","0_3_2_1","0_0","Df","1760","15688","1","0.0333333333333","30","0","0","0","0","1","0","0","0","0","0","0","0","0","15688","0","0","0","0"
"84","ctxtC","S71","77.251.245.190","71","C","2016-07-15 22:40:54","mouseout","0_2_1","0_3_2_1","0_0","Tf","17466","1287","2","0.0666666666667","30","1","0","0","0","0","0","0","0","0","1287","0","0","0","0","0","0","0","0"
"84","ctxtC","S71","77.251.245.190","71","C","2016-07-15 22:40:54","mouseout","0_2_1","0_3_2_1","0_0","Df","18853","3177","3","0.1","30","0","0","0","0","1","0","0","0","0","0","0","0","0","3177","0","0","0","0"
"84","ctxtC","S71","77.251.245.190","71","C","2016-07-15 22:40:54","mouseout","0_2_1","0_3_2_1","0_0","Dp","22040","2982","4","0.133333333333","30","0","0","0","0","0","1","0","0","0","0","0","0","0","0","2982","0","0","0"
"84","ctxtC","S71","77.251.245.190","71","C","2016-07-15 22:40:54","mouseout","0_2_1","0_3_2_1","0_0","Df","25095","7879","5","0.166666666667","30","0","0","0","0","1","0","0","0","0","0","0","0","0","7879","0","0","0","0"
"84","ctxtC","S71","77.251.245.190","71","C","2016-07-15 22:40:54","mouseout","0_2_1","0_3_2_1","0_0","Dp","32987","6477","6","0.2","30","0","0","0","0","0","1","0","0","0","0","0","0","0","0","6477","0","0","0"
"84","ctxtC","S71","77.251.245.190","71","C","2016-07-15 22:40:54","mouseout","0_2_1","0_3_2_1","0_0","Tf","39507","3831","7","0.233333333333","30","1","0","0","0","0","0","0","0","0","3831","0","0","0","0","0","0","0","0"
"84","ctxtC","S71","77.251.245.190","71","C","2016-07-15 22:40:54","mouseout","0_2_1","0_3_2_1","0_0","Tp","43368","1497","8","0.266666666667","30","0","1","0","0","0","0","0","0","0","0","1497","0","0","0","0","0","0","0"
"84","ctxtC","S71","77.251.245.190","71","C","2016-07-15 22:40:54","mouseout","0_2_1","0_3_2_1","0_0","Tf","44875","1082","9","0.3","30","1","0","0","0","0","0","0","0","0","1082","0","0","0","0","0","0","0","0"
"84","ctxtC","S71","77.251.245.190","71","C","2016-07-15 22:40:54","mouseout","0_2_1","0_3_2_1","0_0","Df","45972","1127","10","0.333333333333","30","0","0","0","0","1","0","0","0","0","0","0","0","0","1127","0","0","0","0"
"84","ctxtC","S71","77.251.245.190","71","C","2016-07-15 22:40:54","mouseout","0_2_1","0_3_2_1","0_0","Tf","47099","782","11","0.366666666667","30","1","0","0","0","0","0","0","0","0","782","0","0","0","0","0","0","0","0"
"84","ctxtC","S71","77.251.245.190","71","C","2016-07-15 22:40:54","mouseout","0_2_1","0_3_2_1","0_0","Df","47889","868","12","0.4","30","0","0","0","0","1","0","0","0","0","0","0","0","0","868","0","0","0","0"
"84","ctxtC","S71","77.251.245.190","71","C","2016-07-15 22:40:54","mouseout","0_2_1","0_3_2_1","0_0","Dp","48767","1145","13","0.433333333333","30","0","0","0","0","0","1","0","0","0","0","0","0","0","0","1145","0","0","0"
"84","ctxtC","S71","77.251.245.190","71","C","2016-07-15 22:40:54","mouseout","0_2_1","0_3_2_1","0_0","Tp","49922","695","14","0.466666666667","30","0","1","0","0","0","0","0","0","0","0","695","0","0","0","0","0","0","0"
"84","ctxtC","S71","77.251.245.190","71","C","2016-07-15 22:40:54","mouseout","0_2_1","0_3_2_1","0_0","Dp","50617","637","15","0.5","30","0","0","0","0","0","1","0","0","0","0","0","0","0","0","637","0","0","0"
"84","ctxtC","S71","77.251.245.190","71","C","2016-07-15 22:40:54","mouseout","0_2_1","0_3_2_1","0_0","Tp","51264","1638","16","0.533333333333","30","0","1","0","0","0","0","0","0","0","0","1638","0","0","0","0","0","0","0"
"84","ctxtC","S71","77.251.245.190","71","C","2016-07-15 22:40:54","mouseout","0_2_1","0_3_2_1","0_0","Dp","52952","607","17","0.566666666667","30","0","0","0","0","0","1","0","0","0","0","0","0","0","0","607","0","0","0"
"84","ctxtC","S71","77.251.245.190","71","C","2016-07-15 22:40:54","mouseout","0_2_1","0_3_2_1","0_0","Tp","53572","402","18","0.6","30","0","1","0","0","0","0","0","0","0","0","402","0","0","0","0","0","0","0"
"84","ctxtC","S71","77.251.245.190","71","C","2016-07-15 22:40:54","mouseout","0_2_1","0_3_2_1","0_0","Cp","53989","1279","19","0.633333333333","30","0","0","1","0","0","0","0","0","0","0","0","1279","0","0","0","0","0","0"
"84","ctxtC","S71","77.251.245.190","71","C","2016-07-15 22:40:54","mouseout","0_2_1","0_3_2_1","0_0","Cf","55283","3939","20","0.666666666667","30","0","0","0","1","0","0","0","0","0","0","0","0","3939","0","0","0","0","0"
"84","ctxtC","S71","77.251.245.190","71","C","2016-07-15 22:40:54","mouseout","0_2_1","0_3_2_1","0_0","C","59320","339","21","0.7","30","0","0","0","0","0","0","1","0","0","0","0","0","0","0","0","339","0","0"
"84","ctxtC","S71","77.251.245.190","71","C","2016-07-15 22:40:54","mouseout","0_2_1","0_3_2_1","0_0","Cp","59689","636","22","0.733333333333","30","0","0","1","0","0","0","0","0","0","0","0","636","0","0","0","0","0","0"
"84","ctxtC","S71","77.251.245.190","71","C","2016-07-15 22:40:54","mouseout","0_2_1","0_3_2_1","0_0","Tp","60328","714","23","0.766666666667","30","0","1","0","0","0","0","0","0","0","0","714","0","0","0","0","0","0","0"
"84","ctxtC","S71","77.251.245.190","71","C","2016-07-15 22:40:54","mouseout","0_2_1","0_3_2_1","0_0","Dp","61045","818","24","0.8","30","0","0","0","0","0","1","0","0","0","0","0","0","0","0","818","0","0","0"
"84","ctxtC","S71","77.251.245.190","71","C","2016-07-15 22:40:54","mouseout","0_2_1","0_3_2_1","0_0","Tp","61878","357","25","0.833333333333","30","0","1","0","0","0","0","0","0","0","0","357","0","0","0","0","0","0","0"
"84","ctxtC","S71","77.251.245.190","71","C","2016-07-15 22:40:54","mouseout","0_2_1","0_3_2_1","0_0","Cp","62250","1098","26","0.866666666667","30","0","0","1","0","0","0","0","0","0","0","0","1098","0","0","0","0","0","0"
"84","ctxtC","S71","77.251.245.190","71","C","2016-07-15 22:40:54","mouseout","0_2_1","0_3_2_1","0_0","Cf","69395","2171","27","0.9","30","0","0","0","1","0","0","0","0","0","0","0","0","2171","0","0","0","0","0"
"84","ctxtC","S71","77.251.245.190","71","C","2016-07-15 22:40:54","mouseout","0_2_1","0_3_2_1","0_0","Cf","72890","445","28","0.933333333333","30","0","0","0","1","0","0","0","0","0","0","0","0","445","0","0","0","0","0"
"84","ctxtC","S71","77.251.245.190","71","C","2016-07-15 22:40:54","mouseout","0_2_1","0_3_2_1","0_0","Cp","73335","404","29","0.966666666667","30","0","0","1","0","0","0","0","0","0","0","0","404","0","0","0","0","0","0"
"84","ctxtC","S71","77.251.245.190","71","C","2016-07-15 22:40:54","onclick","0_2_1","0_3_2_1","0_0","C","73865","441","30","1","30","0","0","0","0","0","0","1","0","0","0","0","0","0","0","0","441","0","0"
"90","ctxtC","S73","77.251.245.190","73","C","2016-07-15 22:46:13","mouseout","0_1_2","0_2_1_3","0_0","Tp","63912","223","1","0.0666666666667","15","0","1","0","0","0","0","0","0","0","0","223","0","0","0","0","0","0","0"
"90","ctxtC","S73","77.251.245.190","73","C","2016-07-15 22:46:13","mouseout","0_1_2","0_2_1_3","0_0","Tp","64761","7812","2","0.133333333333","15","0","1","0","0","0","0","0","0","0","0","7812","0","0","0","0","0","0","0"
"90","ctxtC","S73","77.251.245.190","73","C","2016-07-15 22:46:13","mouseout","0_1_2","0_2_1_3","0_0","Cp","72593","927","3","0.2","15","0","0","1","0","0","0","0","0","0","0","0","927","0","0","0","0","0","0"
"90","ctxtC","S73","77.251.245.190","73","C","2016-07-15 22:46:13","mouseout","0_1_2","0_2_1_3","0_0","Dp","73533","482","4","0.266666666667","15","0","0","0","0","0","1","0","0","0","0","0","0","0","0","482","0","0","0"
"90","ctxtC","S73","77.251.245.190","73","C","2016-07-15 22:46:13","mouseout","0_1_2","0_2_1_3","0_0","Cp","74025","1231","5","0.333333333333","15","0","0","1","0","0","0","0","0","0","0","0","1231","0","0","0","0","0","0"
"90","ctxtC","S73","77.251.245.190","73","C","2016-07-15 22:46:13","mouseout","0_1_2","0_2_1_3","0_0","Dp","75269","1390","6","0.4","15","0","0","0","0","0","1","0","0","0","0","0","0","0","0","1390","0","0","0"
"90","ctxtC","S73","77.251.245.190","73","C","2016-07-15 22:46:13","mouseout","0_1_2","0_2_1_3","0_0","Cp","76687","1055","7","0.466666666667","15","0","0","1","0","0","0","0","0","0","0","0","1055","0","0","0","0","0","0"
"90","ctxtC","S73","77.251.245.190","73","C","2016-07-15 22:46:13","mouseout","0_1_2","0_2_1_3","0_0","Tf","77752","21684","8","0.533333333333","15","1","0","0","0","0","0","0","0","0","21684","0","0","0","0","0","0","0","0"
"90","ctxtC","S73","77.251.245.190","73","C","2016-07-15 22:46:13","mouseout","0_1_2","0_2_1_3","0_0","Cf","99446","1423","9","0.6","15","0","0","0","1","0","0","0","0","0","0","0","0","1423","0","0","0","0","0"
"90","ctxtC","S73","77.251.245.190","73","C","2016-07-15 22:46:13","mouseout","0_1_2","0_2_1_3","0_0","Tf","101183","453","10","0.666666666667","15","1","0","0","0","0","0","0","0","0","453","0","0","0","0","0","0","0","0"
"90","ctxtC","S73","77.251.245.190","73","C","2016-07-15 22:46:13","mouseout","0_1_2","0_2_1_3","0_0","Df","102456","522","11","0.733333333333","15","0","0","0","0","1","0","0","0","0","0","0","0","0","522","0","0","0","0"
"90","ctxtC","S73","77.251.245.190","73","C","2016-07-15 22:46:13","mouseout","0_1_2","0_2_1_3","0_0","Cf","104271","910","12","0.8","15","0","0","0","1","0","0","0","0","0","0","0","0","910","0","0","0","0","0"
"90","ctxtC","S73","77.251.245.190","73","C","2016-07-15 22:46:13","onclick","0_1_2","0_2_1_3","0_0","C","105373","777","13","0.866666666667","15","0","0","0","0","0","0","1","0","0","0","0","0","0","0","0","777","0","0"
"90","ctxtC","S73","77.251.245.190","73","C","2016-07-15 22:46:13","onclick","0_1_2","0_2_1_3","0_0","C","0","0","14","0.933333333333","15","0","0","0","0","0","0","1","0","0","0","0","0","0","0","0","0","0","0"
"90","ctxtC","S73","77.251.245.190","73","C","2016-07-15 22:46:13","onclick","0_1_2","0_2_1_3","0_0","C","0","0","15","1","15","0","0","0","0","0","0","1","0","0","0","0","0","0","0","0","0","0","0"
"100","ctxtC","S75","77.251.245.190","75","C","2016-07-15 22:55:48","mouseout","0_1_2","0_3_2_1","0_0","Df","7443","455","1","0.0769230769231","13","0","0","0","0","1","0","0","0","0","0","0","0","0","455","0","0","0","0"
"100","ctxtC","S75","77.251.245.190","75","C","2016-07-15 22:55:48","mouseout","0_1_2","0_3_2_1","0_0","Dp","7918","13069","2","0.153846153846","13","0","0","0","0","0","1","0","0","0","0","0","0","0","0","13069","0","0","0"
"100","ctxtC","S75","77.251.245.190","75","C","2016-07-15 22:55:48","mouseout","0_1_2","0_3_2_1","0_0","Tp","21017","1815","3","0.230769230769","13","0","1","0","0","0","0","0","0","0","0","1815","0","0","0","0","0","0","0"
"100","ctxtC","S75","77.251.245.190","75","C","2016-07-15 22:55:48","mouseout","0_1_2","0_3_2_1","0_0","Dp","22832","2640","4","0.307692307692","13","0","0","0","0","0","1","0","0","0","0","0","0","0","0","2640","0","0","0"
"100","ctxtC","S75","77.251.245.190","75","C","2016-07-15 22:55:48","mouseout","0_1_2","0_3_2_1","0_0","Tp","25472","2065","5","0.384615384615","13","0","1","0","0","0","0","0","0","0","0","2065","0","0","0","0","0","0","0"
"100","ctxtC","S75","77.251.245.190","75","C","2016-07-15 22:55:48","mouseout","0_1_2","0_3_2_1","0_0","Cp","27537","4441","6","0.461538461538","13","0","0","1","0","0","0","0","0","0","0","0","4441","0","0","0","0","0","0"
"100","ctxtC","S75","77.251.245.190","75","C","2016-07-15 22:55:48","mouseout","0_1_2","0_3_2_1","0_0","Tp","32008","2109","7","0.538461538462","13","0","1","0","0","0","0","0","0","0","0","2109","0","0","0","0","0","0","0"
"100","ctxtC","S75","77.251.245.190","75","C","2016-07-15 22:55:48","mouseout","0_1_2","0_3_2_1","0_0","Dp","34117","1892","8","0.615384615385","13","0","0","0","0","0","1","0","0","0","0","0","0","0","0","1892","0","0","0"
"100","ctxtC","S75","77.251.245.190","75","C","2016-07-15 22:55:48","mouseout","0_1_2","0_3_2_1","0_0","Df","36019","6962","9","0.692307692308","13","0","0","0","0","1","0","0","0","0","0","0","0","0","6962","0","0","0","0"
"100","ctxtC","S75","77.251.245.190","75","C","2016-07-15 22:55:48","mouseout","0_1_2","0_3_2_1","0_0","Tf","43684","767","10","0.769230769231","13","1","0","0","0","0","0","0","0","0","767","0","0","0","0","0","0","0","0"
"100","ctxtC","S75","77.251.245.190","75","C","2016-07-15 22:55:48","mouseout","0_1_2","0_3_2_1","0_0","Cf","44491","6642","11","0.846153846154","13","0","0","0","1","0","0","0","0","0","0","0","0","6642","0","0","0","0","0"
"100","ctxtC","S75","77.251.245.190","75","C","2016-07-15 22:55:48","mouseout","0_1_2","0_3_2_1","0_0","Cp","51133","1628","12","0.923076923077","13","0","0","1","0","0","0","0","0","0","0","0","1628","0","0","0","0","0","0"
"100","ctxtC","S75","77.251.245.190","75","C","2016-07-15 22:55:48","onclick","0_1_2","0_3_2_1","0_0","C","53728","606","13","1","13","0","0","0","0","0","0","1","0","0","0","0","0","0","0","0","606","0","0"
"113","ctxtC","S81","186.222.4.227","81","C","2016-07-16 02:52:23","mouseout","0_1_2","0_2_1_3","0_0","Tp","21185","7496","1","0.0555555555556","18","0","1","0","0","0","0","0","0","0","0","7496","0","0","0","0","0","0","0"
"113","ctxtC","S81","186.222.4.227","81","C","2016-07-16 02:52:23","mouseout","0_1_2","0_2_1_3","0_0","Tf","28732","8066","2","0.111111111111","18","1","0","0","0","0","0","0","0","0","8066","0","0","0","0","0","0","0","0"
"113","ctxtC","S81","186.222.4.227","81","C","2016-07-16 02:52:23","mouseout","0_1_2","0_2_1_3","0_0","Tp","36870","482","3","0.166666666667","18","0","1","0","0","0","0","0","0","0","0","482","0","0","0","0","0","0","0"
"113","ctxtC","S81","186.222.4.227","81","C","2016-07-16 02:52:23","mouseout","0_1_2","0_2_1_3","0_0","Cp","37414","3093","4","0.222222222222","18","0","0","1","0","0","0","0","0","0","0","0","3093","0","0","0","0","0","0"
"113","ctxtC","S81","186.222.4.227","81","C","2016-07-16 02:52:23","mouseout","0_1_2","0_2_1_3","0_0","Tp","41349","2281","5","0.277777777778","18","0","1","0","0","0","0","0","0","0","0","2281","0","0","0","0","0","0","0"
"113","ctxtC","S81","186.222.4.227","81","C","2016-07-16 02:52:23","mouseout","0_1_2","0_2_1_3","0_0","Cp","43691","2322","6","0.333333333333","18","0","0","1","0","0","0","0","0","0","0","0","2322","0","0","0","0","0","0"
"113","ctxtC","S81","186.222.4.227","81","C","2016-07-16 02:52:23","mouseout","0_1_2","0_2_1_3","0_0","Cf","46075","3719","7","0.388888888889","18","0","0","0","1","0","0","0","0","0","0","0","0","3719","0","0","0","0","0"
"113","ctxtC","S81","186.222.4.227","81","C","2016-07-16 02:52:23","mouseout","0_1_2","0_2_1_3","0_0","Tf","49958","1347","8","0.444444444444","18","1","0","0","0","0","0","0","0","0","1347","0","0","0","0","0","0","0","0"
"113","ctxtC","S81","186.222.4.227","81","C","2016-07-16 02:52:23","mouseout","0_1_2","0_2_1_3","0_0","Cp","51428","370","9","0.5","18","0","0","1","0","0","0","0","0","0","0","0","370","0","0","0","0","0","0"
"113","ctxtC","S81","186.222.4.227","81","C","2016-07-16 02:52:23","mouseout","0_1_2","0_2_1_3","0_0","Dp","51942","6445","10","0.555555555556","18","0","0","0","0","0","1","0","0","0","0","0","0","0","0","6445","0","0","0"
"113","ctxtC","S81","186.222.4.227","81","C","2016-07-16 02:52:23","mouseout","0_1_2","0_2_1_3","0_0","Df","58479","4983","11","0.611111111111","18","0","0","0","0","1","0","0","0","0","0","0","0","0","4983","0","0","0","0"
"113","ctxtC","S81","186.222.4.227","81","C","2016-07-16 02:52:23","mouseout","0_1_2","0_2_1_3","0_0","Dp","63595","1387","12","0.666666666667","18","0","0","0","0","0","1","0","0","0","0","0","0","0","0","1387","0","0","0"
"113","ctxtC","S81","186.222.4.227","81","C","2016-07-16 02:52:23","mouseout","0_1_2","0_2_1_3","0_0","Cp","65064","7378","13","0.722222222222","18","0","0","1","0","0","0","0","0","0","0","0","7378","0","0","0","0","0","0"
"113","ctxtC","S81","186.222.4.227","81","C","2016-07-16 02:52:23","mouseout","0_1_2","0_2_1_3","0_0","Tp","72452","2342","14","0.777777777778","18","0","1","0","0","0","0","0","0","0","0","2342","0","0","0","0","0","0","0"
"113","ctxtC","S81","186.222.4.227","81","C","2016-07-16 02:52:23","mouseout","0_1_2","0_2_1_3","0_0","Cp","74866","14422","15","0.833333333333","18","0","0","1","0","0","0","0","0","0","0","0","14422","0","0","0","0","0","0"
"113","ctxtC","S81","186.222.4.227","81","C","2016-07-16 02:52:23","mouseout","0_1_2","0_2_1_3","0_0","Cf","89319","513","16","0.888888888889","18","0","0","0","1","0","0","0","0","0","0","0","0","513","0","0","0","0","0"
"113","ctxtC","S81","186.222.4.227","81","C","2016-07-16 02:52:23","onclick","0_1_2","0_2_1_3","0_0","C","89915","730","17","0.944444444444","18","0","0","0","0","0","0","1","0","0","0","0","0","0","0","0","730","0","0"
"113","ctxtC","S81","186.222.4.227","81","C","2016-07-16 02:52:23","mouseout","0_1_2","0_2_1_3","0_0","Cf","91784","3134","18","1","18","0","0","0","1","0","0","0","0","0","0","0","0","3134","0","0","0","0","0"
"123","ctxtC","S85","172.124.186.122","85","C","2016-07-16 07:00:35","mouseout","0_2_1","0_2_1_3","0_0","Tf","863","1780","1","0.0434782608696","23","1","0","0","0","0","0","0","0","0","1780","0","0","0","0","0","0","0","0"
"123","ctxtC","S85","172.124.186.122","85","C","2016-07-16 07:00:35","mouseout","0_2_1","0_2_1_3","0_0","Tf","10423","337","2","0.0869565217391","23","1","0","0","0","0","0","0","0","0","337","0","0","0","0","0","0","0","0"
"123","ctxtC","S85","172.124.186.122","85","C","2016-07-16 07:00:35","mouseout","0_2_1","0_2_1_3","0_0","Tp","10778","2268","3","0.130434782609","23","0","1","0","0","0","0","0","0","0","0","2268","0","0","0","0","0","0","0"
"123","ctxtC","S85","172.124.186.122","85","C","2016-07-16 07:00:35","mouseout","0_2_1","0_2_1_3","0_0","Cp","13046","1444","4","0.173913043478","23","0","0","1","0","0","0","0","0","0","0","0","1444","0","0","0","0","0","0"
"123","ctxtC","S85","172.124.186.122","85","C","2016-07-16 07:00:35","mouseout","0_2_1","0_2_1_3","0_0","Tp","14490","541","5","0.217391304348","23","0","1","0","0","0","0","0","0","0","0","541","0","0","0","0","0","0","0"
"123","ctxtC","S85","172.124.186.122","85","C","2016-07-16 07:00:35","mouseout","0_2_1","0_2_1_3","0_0","Cp","15032","703","6","0.260869565217","23","0","0","1","0","0","0","0","0","0","0","0","703","0","0","0","0","0","0"
"123","ctxtC","S85","172.124.186.122","85","C","2016-07-16 07:00:35","mouseout","0_2_1","0_2_1_3","0_0","Dp","15735","496","7","0.304347826087","23","0","0","0","0","0","1","0","0","0","0","0","0","0","0","496","0","0","0"
"123","ctxtC","S85","172.124.186.122","85","C","2016-07-16 07:00:35","mouseout","0_2_1","0_2_1_3","0_0","D","16231","324","8","0.347826086957","23","0","0","0","0","0","0","0","0","1","0","0","0","0","0","0","0","0","324"
"123","ctxtC","S85","172.124.186.122","85","C","2016-07-16 07:00:35","mouseout","0_2_1","0_2_1_3","0_0","Dp","16571","1074","9","0.391304347826","23","0","0","0","0","0","1","0","0","0","0","0","0","0","0","1074","0","0","0"
"123","ctxtC","S85","172.124.186.122","85","C","2016-07-16 07:00:35","mouseout","0_2_1","0_2_1_3","0_0","Df","17662","2809","10","0.434782608696","23","0","0","0","0","1","0","0","0","0","0","0","0","0","2809","0","0","0","0"
"123","ctxtC","S85","172.124.186.122","85","C","2016-07-16 07:00:35","mouseout","0_2_1","0_2_1_3","0_0","Cf","20471","1737","11","0.478260869565","23","0","0","0","1","0","0","0","0","0","0","0","0","1737","0","0","0","0","0"
"123","ctxtC","S85","172.124.186.122","85","C","2016-07-16 07:00:35","mouseout","0_2_1","0_2_1_3","0_0","Df","22224","630","12","0.521739130435","23","0","0","0","0","1","0","0","0","0","0","0","0","0","630","0","0","0","0"
"123","ctxtC","S85","172.124.186.122","85","C","2016-07-16 07:00:35","mouseout","0_2_1","0_2_1_3","0_0","Cf","22854","1480","13","0.565217391304","23","0","0","0","1","0","0","0","0","0","0","0","0","1480","0","0","0","0","0"
"123","ctxtC","S85","172.124.186.122","85","C","2016-07-16 07:00:35","mouseout","0_2_1","0_2_1_3","0_0","Df","24334","701","14","0.608695652174","23","0","0","0","0","1","0","0","0","0","0","0","0","0","701","0","0","0","0"
"123","ctxtC","S85","172.124.186.122","85","C","2016-07-16 07:00:35","mouseout","0_2_1","0_2_1_3","0_0","Cf","25035","666","15","0.652173913043","23","0","0","0","1","0","0","0","0","0","0","0","0","666","0","0","0","0","0"
"123","ctxtC","S85","172.124.186.122","85","C","2016-07-16 07:00:35","mouseout","0_2_1","0_2_1_3","0_0","Tf","25701","539","16","0.695652173913","23","1","0","0","0","0","0","0","0","0","539","0","0","0","0","0","0","0","0"
"123","ctxtC","S85","172.124.186.122","85","C","2016-07-16 07:00:35","mouseout","0_2_1","0_2_1_3","0_0","Cf","26240","392","17","0.739130434783","23","0","0","0","1","0","0","0","0","0","0","0","0","392","0","0","0","0","0"
"123","ctxtC","S85","172.124.186.122","85","C","2016-07-16 07:00:35","mouseout","0_2_1","0_2_1_3","0_0","Cp","26632","209","18","0.782608695652","23","0","0","1","0","0","0","0","0","0","0","0","209","0","0","0","0","0","0"
"123","ctxtC","S85","172.124.186.122","85","C","2016-07-16 07:00:35","onclick","0_2_1","0_2_1_3","0_0","C","27194","465","19","0.826086956522","23","0","0","0","0","0","0","1","0","0","0","0","0","0","0","0","465","0","0"
"123","ctxtC","S85","172.124.186.122","85","C","2016-07-16 07:00:35","onclick","0_2_1","0_2_1_3","0_0","C","0","0","20","0.869565217391","23","0","0","0","0","0","0","1","0","0","0","0","0","0","0","0","0","0","0"
"123","ctxtC","S85","172.124.186.122","85","C","2016-07-16 07:00:35","mouseout","0_2_1","0_2_1_3","0_0","Cp","33753","533","21","0.913043478261","23","0","0","1","0","0","0","0","0","0","0","0","533","0","0","0","0","0","0"
"123","ctxtC","S85","172.124.186.122","85","C","2016-07-16 07:00:35","onclick","0_2_1","0_2_1_3","0_0","C","34304","631","22","0.95652173913","23","0","0","0","0","0","0","1","0","0","0","0","0","0","0","0","631","0","0"
"123","ctxtC","S85","172.124.186.122","85","C","2016-07-16 07:00:35","onclick","0_2_1","0_2_1_3","0_0","C","37130","397","23","1","23","0","0","0","0","0","0","1","0","0","0","0","0","0","0","0","397","0","0"
"124","ctxtC","S85","172.124.186.122","85","C","2016-07-16 07:00:36","mouseout","0_2_1","0_2_1_3","0_0","Tf","863","1780","1","0.0434782608696","23","1","0","0","0","0","0","0","0","0","1780","0","0","0","0","0","0","0","0"
"124","ctxtC","S85","172.124.186.122","85","C","2016-07-16 07:00:36","mouseout","0_2_1","0_2_1_3","0_0","Tf","10423","337","2","0.0869565217391","23","1","0","0","0","0","0","0","0","0","337","0","0","0","0","0","0","0","0"
"124","ctxtC","S85","172.124.186.122","85","C","2016-07-16 07:00:36","mouseout","0_2_1","0_2_1_3","0_0","Tp","10778","2268","3","0.130434782609","23","0","1","0","0","0","0","0","0","0","0","2268","0","0","0","0","0","0","0"
"124","ctxtC","S85","172.124.186.122","85","C","2016-07-16 07:00:36","mouseout","0_2_1","0_2_1_3","0_0","Cp","13046","1444","4","0.173913043478","23","0","0","1","0","0","0","0","0","0","0","0","1444","0","0","0","0","0","0"
"124","ctxtC","S85","172.124.186.122","85","C","2016-07-16 07:00:36","mouseout","0_2_1","0_2_1_3","0_0","Tp","14490","541","5","0.217391304348","23","0","1","0","0","0","0","0","0","0","0","541","0","0","0","0","0","0","0"
"124","ctxtC","S85","172.124.186.122","85","C","2016-07-16 07:00:36","mouseout","0_2_1","0_2_1_3","0_0","Cp","15032","703","6","0.260869565217","23","0","0","1","0","0","0","0","0","0","0","0","703","0","0","0","0","0","0"
"124","ctxtC","S85","172.124.186.122","85","C","2016-07-16 07:00:36","mouseout","0_2_1","0_2_1_3","0_0","Dp","15735","496","7","0.304347826087","23","0","0","0","0","0","1","0","0","0","0","0","0","0","0","496","0","0","0"
"124","ctxtC","S85","172.124.186.122","85","C","2016-07-16 07:00:36","mouseout","0_2_1","0_2_1_3","0_0","D","16231","324","8","0.347826086957","23","0","0","0","0","0","0","0","0","1","0","0","0","0","0","0","0","0","324"
"124","ctxtC","S85","172.124.186.122","85","C","2016-07-16 07:00:36","mouseout","0_2_1","0_2_1_3","0_0","Dp","16571","1074","9","0.391304347826","23","0","0","0","0","0","1","0","0","0","0","0","0","0","0","1074","0","0","0"
"124","ctxtC","S85","172.124.186.122","85","C","2016-07-16 07:00:36","mouseout","0_2_1","0_2_1_3","0_0","Df","17662","2809","10","0.434782608696","23","0","0","0","0","1","0","0","0","0","0","0","0","0","2809","0","0","0","0"
"124","ctxtC","S85","172.124.186.122","85","C","2016-07-16 07:00:36","mouseout","0_2_1","0_2_1_3","0_0","Cf","20471","1737","11","0.478260869565","23","0","0","0","1","0","0","0","0","0","0","0","0","1737","0","0","0","0","0"
"124","ctxtC","S85","172.124.186.122","85","C","2016-07-16 07:00:36","mouseout","0_2_1","0_2_1_3","0_0","Df","22224","630","12","0.521739130435","23","0","0","0","0","1","0","0","0","0","0","0","0","0","630","0","0","0","0"
"124","ctxtC","S85","172.124.186.122","85","C","2016-07-16 07:00:36","mouseout","0_2_1","0_2_1_3","0_0","Cf","22854","1480","13","0.565217391304","23","0","0","0","1","0","0","0","0","0","0","0","0","1480","0","0","0","0","0"
"124","ctxtC","S85","172.124.186.122","85","C","2016-07-16 07:00:36","mouseout","0_2_1","0_2_1_3","0_0","Df","24334","701","14","0.608695652174","23","0","0","0","0","1","0","0","0","0","0","0","0","0","701","0","0","0","0"
"124","ctxtC","S85","172.124.186.122","85","C","2016-07-16 07:00:36","mouseout","0_2_1","0_2_1_3","0_0","Cf","25035","666","15","0.652173913043","23","0","0","0","1","0","0","0","0","0","0","0","0","666","0","0","0","0","0"
"124","ctxtC","S85","172.124.186.122","85","C","2016-07-16 07:00:36","mouseout","0_2_1","0_2_1_3","0_0","Tf","25701","539","16","0.695652173913","23","1","0","0","0","0","0","0","0","0","539","0","0","0","0","0","0","0","0"
"124","ctxtC","S85","172.124.186.122","85","C","2016-07-16 07:00:36","mouseout","0_2_1","0_2_1_3","0_0","Cf","26240","392","17","0.739130434783","23","0","0","0","1","0","0","0","0","0","0","0","0","392","0","0","0","0","0"
"124","ctxtC","S85","172.124.186.122","85","C","2016-07-16 07:00:36","mouseout","0_2_1","0_2_1_3","0_0","Cp","26632","209","18","0.782608695652","23","0","0","1","0","0","0","0","0","0","0","0","209","0","0","0","0","0","0"
"124","ctxtC","S85","172.124.186.122","85","C","2016-07-16 07:00:36","onclick","0_2_1","0_2_1_3","0_0","C","27194","465","19","0.826086956522","23","0","0","0","0","0","0","1","0","0","0","0","0","0","0","0","465","0","0"
"124","ctxtC","S85","172.124.186.122","85","C","2016-07-16 07:00:36","onclick","0_2_1","0_2_1_3","0_0","C","0","0","20","0.869565217391","23","0","0","0","0","0","0","1","0","0","0","0","0","0","0","0","0","0","0"
"124","ctxtC","S85","172.124.186.122","85","C","2016-07-16 07:00:36","mouseout","0_2_1","0_2_1_3","0_0","Cp","33753","533","21","0.913043478261","23","0","0","1","0","0","0","0","0","0","0","0","533","0","0","0","0","0","0"
"124","ctxtC","S85","172.124.186.122","85","C","2016-07-16 07:00:36","onclick","0_2_1","0_2_1_3","0_0","C","34304","631","22","0.95652173913","23","0","0","0","0","0","0","1","0","0","0","0","0","0","0","0","631","0","0"
"124","ctxtC","S85","172.124.186.122","85","C","2016-07-16 07:00:36","onclick","0_2_1","0_2_1_3","0_0","C","37130","397","23","1","23","0","0","0","0","0","0","1","0","0","0","0","0","0","0","0","397","0","0"
