"id","expname","subject","ip","condnum","choice","submitted","event","roword","colord","evttype","boxname","boxin","boxtime","counter","relcount","maxcount","f_Cf","f_Df","f_Tf","f_Tp","f_Dp","f_Cp","f_D","f_T","f_C","t_Cf","t_Df","t_Tf","t_Tp","t_Dp","t_Cp","t_D","t_T","t_C"
"6","ctxtA","S30","185.56.227.6","30","D","2016-07-15 18:30:18","mouseout","0_2_1","0_3_1_2","0_0","Cf","29581","1411","1","0.0625","16","1","0","0","0","0","0","0","0","0","1411","0","0","0","0","0","0","0","0"
"6","ctxtA","S30","185.56.227.6","30","D","2016-07-15 18:30:18","mouseout","0_2_1","0_3_1_2","0_0","Df","30993","2788","2","0.125","16","0","1","0","0","0","0","0","0","0","0","2788","0","0","0","0","0","0","0"
"6","ctxtA","S30","185.56.227.6","30","D","2016-07-15 18:30:18","mouseout","0_2_1","0_3_1_2","0_0","Tf","33781","1718","3","0.1875","16","0","0","1","0","0","0","0","0","0","0","0","1718","0","0","0","0","0","0"
"6","ctxtA","S30","185.56.227.6","30","D","2016-07-15 18:30:18","mouseout","0_2_1","0_3_1_2","0_0","Tp","35499","929","4","0.25","16","0","0","0","1","0","0","0","0","0","0","0","0","929","0","0","0","0","0"
"6","ctxtA","S30","185.56.227.6","30","D","2016-07-15 18:30:18","mouseout","0_2_1","0_3_1_2","0_0","Dp","36446","786","5","0.3125","16","0","0","0","0","1","0","0","0","0","0","0","0","0","786","0","0","0","0"
"6","ctxtA","S30","185.56.227.6","30","D","2016-07-15 18:30:18","mouseout","0_2_1","0_3_1_2","0_0","Cp","37615","533","6","0.375","16","0","0","0","0","0","1","0","0","0","0","0","0","0","0","533","0","0","0"
"6","ctxtA","S30","185.56.227.6","30","D","2016-07-15 18:30:18","mouseout","0_2_1","0_3_1_2","0_0","Dp","38148","351","7","0.4375","16","0","0","0","0","1","0","0","0","0","0","0","0","0","351","0","0","0","0"
"6","ctxtA","S30","185.56.227.6","30","D","2016-07-15 18:30:18","mouseout","0_2_1","0_3_1_2","0_0","Tp","38500","2288","8","0.5","16","0","0","0","1","0","0","0","0","0","0","0","0","2288","0","0","0","0","0"
"6","ctxtA","S30","185.56.227.6","30","D","2016-07-15 18:30:18","mouseout","0_2_1","0_3_1_2","0_0","Dp","40788","1386","9","0.5625","16","0","0","0","0","1","0","0","0","0","0","0","0","0","1386","0","0","0","0"
"6","ctxtA","S30","185.56.227.6","30","D","2016-07-15 18:30:18","mouseout","0_2_1","0_3_1_2","0_0","Tp","42191","1405","10","0.625","16","0","0","0","1","0","0","0","0","0","0","0","0","1405","0","0","0","0","0"
"6","ctxtA","S30","185.56.227.6","30","D","2016-07-15 18:30:18","mouseout","0_2_1","0_3_1_2","0_0","Dp","43596","399","11","0.6875","16","0","0","0","0","1","0","0","0","0","0","0","0","0","399","0","0","0","0"
"6","ctxtA","S30","185.56.227.6","30","D","2016-07-15 18:30:18","mouseout","0_2_1","0_3_1_2","0_0","Cp","44013","2119","12","0.75","16","0","0","0","0","0","1","0","0","0","0","0","0","0","0","2119","0","0","0"
"6","ctxtA","S30","185.56.227.6","30","D","2016-07-15 18:30:18","mouseout","0_2_1","0_3_1_2","0_0","Cf","46132","686","13","0.8125","16","1","0","0","0","0","0","0","0","0","686","0","0","0","0","0","0","0","0"
"6","ctxtA","S30","185.56.227.6","30","D","2016-07-15 18:30:18","mouseout","0_2_1","0_3_1_2","0_0","Tf","47009","631","14","0.875","16","0","0","1","0","0","0","0","0","0","0","0","631","0","0","0","0","0","0"
"6","ctxtA","S30","185.56.227.6","30","D","2016-07-15 18:30:18","mouseout","0_2_1","0_3_1_2","0_0","Dp","47658","242","15","0.9375","16","0","0","0","0","1","0","0","0","0","0","0","0","0","242","0","0","0","0"
"6","ctxtA","S30","185.56.227.6","30","D","2016-07-15 18:30:18","onclick","0_2_1","0_3_1_2","0_0","D","47987","443","16","1","16","0","0","0","0","0","0","1","0","0","0","0","0","0","0","0","443","0","0"
"8","ctxtA","S32","137.56.81.10","32","T","2016-07-15 18:32:35","mouseout","0_1_2","0_1_2_3","0_0","Tp","906","328","1","0.0285714285714","35","0","0","0","1","0","0","0","0","0","0","0","0","328","0","0","0","0","0"
"8","ctxtA","S32","137.56.81.10","32","T","2016-07-15 18:32:35","mouseout","0_1_2","0_1_2_3","0_0","Df","49724","315","2","0.0571428571429","35","0","1","0","0","0","0","0","0","0","0","315","0","0","0","0","0","0","0"
"8","ctxtA","S32","137.56.81.10","32","T","2016-07-15 18:32:35","mouseout","0_1_2","0_1_2_3","0_0","Dp","50058","11335","3","0.0857142857143","35","0","0","0","0","1","0","0","0","0","0","0","0","0","11335","0","0","0","0"
"8","ctxtA","S32","137.56.81.10","32","T","2016-07-15 18:32:35","mouseout","0_1_2","0_1_2_3","0_0","Tp","61394","762","4","0.114285714286","35","0","0","0","1","0","0","0","0","0","0","0","0","762","0","0","0","0","0"
"8","ctxtA","S32","137.56.81.10","32","T","2016-07-15 18:32:35","mouseout","0_1_2","0_1_2_3","0_0","Cp","62158","226","5","0.142857142857","35","0","0","0","0","0","1","0","0","0","0","0","0","0","0","226","0","0","0"
"8","ctxtA","S32","137.56.81.10","32","T","2016-07-15 18:32:35","mouseout","0_1_2","0_1_2_3","0_0","Dp","62474","584","6","0.171428571429","35","0","0","0","0","1","0","0","0","0","0","0","0","0","584","0","0","0","0"
"8","ctxtA","S32","137.56.81.10","32","T","2016-07-15 18:32:35","mouseout","0_1_2","0_1_2_3","0_0","Tp","63059","494","7","0.2","35","0","0","0","1","0","0","0","0","0","0","0","0","494","0","0","0","0","0"
"8","ctxtA","S32","137.56.81.10","32","T","2016-07-15 18:32:35","mouseout","0_1_2","0_1_2_3","0_0","Cp","63554","787","8","0.228571428571","35","0","0","0","0","0","1","0","0","0","0","0","0","0","0","787","0","0","0"
"8","ctxtA","S32","137.56.81.10","32","T","2016-07-15 18:32:35","mouseout","0_1_2","0_1_2_3","0_0","Dp","64457","600","9","0.257142857143","35","0","0","0","0","1","0","0","0","0","0","0","0","0","600","0","0","0","0"
"8","ctxtA","S32","137.56.81.10","32","T","2016-07-15 18:32:35","mouseout","0_1_2","0_1_2_3","0_0","Tp","65057","643","10","0.285714285714","35","0","0","0","1","0","0","0","0","0","0","0","0","643","0","0","0","0","0"
"8","ctxtA","S32","137.56.81.10","32","T","2016-07-15 18:32:35","mouseout","0_1_2","0_1_2_3","0_0","Cp","65701","1508","11","0.314285714286","35","0","0","0","0","0","1","0","0","0","0","0","0","0","0","1508","0","0","0"
"8","ctxtA","S32","137.56.81.10","32","T","2016-07-15 18:32:35","mouseout","0_1_2","0_1_2_3","0_0","Dp","67274","1600","12","0.342857142857","35","0","0","0","0","1","0","0","0","0","0","0","0","0","1600","0","0","0","0"
"8","ctxtA","S32","137.56.81.10","32","T","2016-07-15 18:32:35","mouseout","0_1_2","0_1_2_3","0_0","Tf","68963","203","13","0.371428571429","35","0","0","1","0","0","0","0","0","0","0","0","203","0","0","0","0","0","0"
"8","ctxtA","S32","137.56.81.10","32","T","2016-07-15 18:32:35","mouseout","0_1_2","0_1_2_3","0_0","Tp","69204","762","14","0.4","35","0","0","0","1","0","0","0","0","0","0","0","0","762","0","0","0","0","0"
"8","ctxtA","S32","137.56.81.10","32","T","2016-07-15 18:32:35","mouseout","0_1_2","0_1_2_3","0_0","Cp","69967","1397","15","0.428571428571","35","0","0","0","0","0","1","0","0","0","0","0","0","0","0","1397","0","0","0"
"8","ctxtA","S32","137.56.81.10","32","T","2016-07-15 18:32:35","mouseout","0_1_2","0_1_2_3","0_0","Tp","71365","467","16","0.457142857143","35","0","0","0","1","0","0","0","0","0","0","0","0","467","0","0","0","0","0"
"8","ctxtA","S32","137.56.81.10","32","T","2016-07-15 18:32:35","mouseout","0_1_2","0_1_2_3","0_0","Dp","71832","305","17","0.485714285714","35","0","0","0","0","1","0","0","0","0","0","0","0","0","305","0","0","0","0"
"8","ctxtA","S32","137.56.81.10","32","T","2016-07-15 18:32:35","mouseout","0_1_2","0_1_2_3","0_0","Df","72150","4083","18","0.514285714286","35","0","1","0","0","0","0","0","0","0","0","4083","0","0","0","0","0","0","0"
"8","ctxtA","S32","137.56.81.10","32","T","2016-07-15 18:32:35","mouseout","0_1_2","0_1_2_3","0_0","Dp","76246","280","19","0.542857142857","35","0","0","0","0","1","0","0","0","0","0","0","0","0","280","0","0","0","0"
"8","ctxtA","S32","137.56.81.10","32","T","2016-07-15 18:32:35","mouseout","0_1_2","0_1_2_3","0_0","Tp","76527","596","20","0.571428571429","35","0","0","0","1","0","0","0","0","0","0","0","0","596","0","0","0","0","0"
"8","ctxtA","S32","137.56.81.10","32","T","2016-07-15 18:32:35","mouseout","0_1_2","0_1_2_3","0_0","Dp","77123","725","21","0.6","35","0","0","0","0","1","0","0","0","0","0","0","0","0","725","0","0","0","0"
"8","ctxtA","S32","137.56.81.10","32","T","2016-07-15 18:32:35","mouseout","0_1_2","0_1_2_3","0_0","Df","77860","7929","22","0.628571428571","35","0","1","0","0","0","0","0","0","0","0","7929","0","0","0","0","0","0","0"
"8","ctxtA","S32","137.56.81.10","32","T","2016-07-15 18:32:35","mouseout","0_1_2","0_1_2_3","0_0","Tf","85790","3453","23","0.657142857143","35","0","0","1","0","0","0","0","0","0","0","0","3453","0","0","0","0","0","0"
"8","ctxtA","S32","137.56.81.10","32","T","2016-07-15 18:32:35","mouseout","0_1_2","0_1_2_3","0_0","Cf","89256","5611","24","0.685714285714","35","1","0","0","0","0","0","0","0","0","5611","0","0","0","0","0","0","0","0"
"8","ctxtA","S32","137.56.81.10","32","T","2016-07-15 18:32:35","mouseout","0_1_2","0_1_2_3","0_0","Tf","95287","2596","25","0.714285714286","35","0","0","1","0","0","0","0","0","0","0","0","2596","0","0","0","0","0","0"
"8","ctxtA","S32","137.56.81.10","32","T","2016-07-15 18:32:35","mouseout","0_1_2","0_1_2_3","0_0","Cf","97896","306","26","0.742857142857","35","1","0","0","0","0","0","0","0","0","306","0","0","0","0","0","0","0","0"
"8","ctxtA","S32","137.56.81.10","32","T","2016-07-15 18:32:35","mouseout","0_1_2","0_1_2_3","0_0","Cp","98203","1002","27","0.771428571429","35","0","0","0","0","0","1","0","0","0","0","0","0","0","0","1002","0","0","0"
"8","ctxtA","S32","137.56.81.10","32","T","2016-07-15 18:32:35","mouseout","0_1_2","0_1_2_3","0_0","Tp","99206","558","28","0.8","35","0","0","0","1","0","0","0","0","0","0","0","0","558","0","0","0","0","0"
"8","ctxtA","S32","137.56.81.10","32","T","2016-07-15 18:32:35","mouseout","0_1_2","0_1_2_3","0_0","Cp","99765","1118","29","0.828571428571","35","0","0","0","0","0","1","0","0","0","0","0","0","0","0","1118","0","0","0"
"8","ctxtA","S32","137.56.81.10","32","T","2016-07-15 18:32:35","mouseout","0_1_2","0_1_2_3","0_0","Tp","100896","584","30","0.857142857143","35","0","0","0","1","0","0","0","0","0","0","0","0","584","0","0","0","0","0"
"8","ctxtA","S32","137.56.81.10","32","T","2016-07-15 18:32:35","mouseout","0_1_2","0_1_2_3","0_0","Cp","101480","712","31","0.885714285714","35","0","0","0","0","0","1","0","0","0","0","0","0","0","0","712","0","0","0"
"8","ctxtA","S32","137.56.81.10","32","T","2016-07-15 18:32:35","mouseout","0_1_2","0_1_2_3","0_0","Tf","102382","445","32","0.914285714286","35","0","0","1","0","0","0","0","0","0","0","0","445","0","0","0","0","0","0"
"8","ctxtA","S32","137.56.81.10","32","T","2016-07-15 18:32:35","mouseout","0_1_2","0_1_2_3","0_0","Cp","102868","365","33","0.942857142857","35","0","0","0","0","0","1","0","0","0","0","0","0","0","0","365","0","0","0"
"8","ctxtA","S32","137.56.81.10","32","T","2016-07-15 18:32:35","mouseout","0_1_2","0_1_2_3","0_0","Tf","103272","748","34","0.971428571429","35","0","0","1","0","0","0","0","0","0","0","0","748","0","0","0","0","0","0"
"8","ctxtA","S32","137.56.81.10","32","T","2016-07-15 18:32:35","onclick","0_1_2","0_1_2_3","0_0","T","104071","318","35","1","35","0","0","0","0","0","0","0","1","0","0","0","0","0","0","0","0","318","0"
"14","ctxtA","S40","2.117.49.178","40","T","2016-07-15 18:54:51","mouseout","0_1_2","0_1_2_3","0_0","Dp","1778","1135","1","0.1","10","0","0","0","0","1","0","0","0","0","0","0","0","0","1135","0","0","0","0"
"14","ctxtA","S40","2.117.49.178","40","T","2016-07-15 18:54:51","mouseout","0_1_2","0_1_2_3","0_0","Df","2931","449","2","0.2","10","0","1","0","0","0","0","0","0","0","0","449","0","0","0","0","0","0","0"
"14","ctxtA","S40","2.117.49.178","40","T","2016-07-15 18:54:51","mouseout","0_1_2","0_1_2_3","0_0","Tf","3380","396","3","0.3","10","0","0","1","0","0","0","0","0","0","0","0","396","0","0","0","0","0","0"
"14","ctxtA","S40","2.117.49.178","40","T","2016-07-15 18:54:51","mouseout","0_1_2","0_1_2_3","0_0","Tp","3776","704","4","0.4","10","0","0","0","1","0","0","0","0","0","0","0","0","704","0","0","0","0","0"
"14","ctxtA","S40","2.117.49.178","40","T","2016-07-15 18:54:51","mouseout","0_1_2","0_1_2_3","0_0","Cp","4480","240","5","0.5","10","0","0","0","0","0","1","0","0","0","0","0","0","0","0","240","0","0","0"
"14","ctxtA","S40","2.117.49.178","40","T","2016-07-15 18:54:51","mouseout","0_1_2","0_1_2_3","0_0","Cf","4738","1700","6","0.6","10","1","0","0","0","0","0","0","0","0","1700","0","0","0","0","0","0","0","0"
"14","ctxtA","S40","2.117.49.178","40","T","2016-07-15 18:54:51","mouseout","0_1_2","0_1_2_3","0_0","Cp","6438","723","7","0.7","10","0","0","0","0","0","1","0","0","0","0","0","0","0","0","723","0","0","0"
"14","ctxtA","S40","2.117.49.178","40","T","2016-07-15 18:54:51","mouseout","0_1_2","0_1_2_3","0_0","Tp","7161","511","8","0.8","10","0","0","0","1","0","0","0","0","0","0","0","0","511","0","0","0","0","0"
"14","ctxtA","S40","2.117.49.178","40","T","2016-07-15 18:54:51","mouseout","0_1_2","0_1_2_3","0_0","Tf","7672","379","9","0.9","10","0","0","1","0","0","0","0","0","0","0","0","379","0","0","0","0","0","0"
"14","ctxtA","S40","2.117.49.178","40","T","2016-07-15 18:54:51","onclick","0_1_2","0_1_2_3","0_0","T","8086","493","10","1","10","0","0","0","0","0","0","0","1","0","0","0","0","0","0","0","0","493","0"
"19","ctxtA","S44","181.14.120.155","44","T","2016-07-15 19:11:15","mouseout","0_2_1","0_1_2_3","0_0","Df","40714","8118","1","0.0909090909091","11","0","1","0","0","0","0","0","0","0","0","8118","0","0","0","0","0","0","0"
"19","ctxtA","S44","181.14.120.155","44","T","2016-07-15 19:11:15","mouseout","0_2_1","0_1_2_3","0_0","Tf","48832","4669","2","0.181818181818","11","0","0","1","0","0","0","0","0","0","0","0","4669","0","0","0","0","0","0"
"19","ctxtA","S44","181.14.120.155","44","T","2016-07-15 19:11:15","mouseout","0_2_1","0_1_2_3","0_0","Cf","53501","3467","3","0.272727272727","11","1","0","0","0","0","0","0","0","0","3467","0","0","0","0","0","0","0","0"
"19","ctxtA","S44","181.14.120.155","44","T","2016-07-15 19:11:15","mouseout","0_2_1","0_1_2_3","0_0","Cp","56969","5069","4","0.363636363636","11","0","0","0","0","0","1","0","0","0","0","0","0","0","0","5069","0","0","0"
"19","ctxtA","S44","181.14.120.155","44","T","2016-07-15 19:11:15","mouseout","0_2_1","0_1_2_3","0_0","Tp","62055","3717","5","0.454545454545","11","0","0","0","1","0","0","0","0","0","0","0","0","3717","0","0","0","0","0"
"19","ctxtA","S44","181.14.120.155","44","T","2016-07-15 19:11:15","mouseout","0_2_1","0_1_2_3","0_0","Dp","65790","9078","6","0.545454545455","11","0","0","0","0","1","0","0","0","0","0","0","0","0","9078","0","0","0","0"
"19","ctxtA","S44","181.14.120.155","44","T","2016-07-15 19:11:15","mouseout","0_2_1","0_1_2_3","0_0","Tp","74868","1753","7","0.636363636364","11","0","0","0","1","0","0","0","0","0","0","0","0","1753","0","0","0","0","0"
"19","ctxtA","S44","181.14.120.155","44","T","2016-07-15 19:11:15","mouseout","0_2_1","0_1_2_3","0_0","Tf","76621","1359","8","0.727272727273","11","0","0","1","0","0","0","0","0","0","0","0","1359","0","0","0","0","0","0"
"19","ctxtA","S44","181.14.120.155","44","T","2016-07-15 19:11:15","mouseout","0_2_1","0_1_2_3","0_0","Df","77999","1124","9","0.818181818182","11","0","1","0","0","0","0","0","0","0","0","1124","0","0","0","0","0","0","0"
"19","ctxtA","S44","181.14.120.155","44","T","2016-07-15 19:11:15","mouseout","0_2_1","0_1_2_3","0_0","Tf","79123","4413","10","0.909090909091","11","0","0","1","0","0","0","0","0","0","0","0","4413","0","0","0","0","0","0"
"19","ctxtA","S44","181.14.120.155","44","T","2016-07-15 19:11:15","onclick","0_2_1","0_1_2_3","0_0","T","83899","735","11","1","11","0","0","0","0","0","0","0","1","0","0","0","0","0","0","0","0","735","0"
"25","ctxtA","S50","166.137.12.97","50","T","2016-07-15 20:13:38","mouseout","0_1_2","0_3_1_2","0_0","Cp","26760","2570","1","0.0833333333333","12","0","0","0","0","0","1","0","0","0","0","0","0","0","0","2570","0","0","0"
"25","ctxtA","S50","166.137.12.97","50","T","2016-07-15 20:13:38","mouseout","0_1_2","0_3_1_2","0_0","Dp","29331","2938","2","0.166666666667","12","0","0","0","0","1","0","0","0","0","0","0","0","0","2938","0","0","0","0"
"25","ctxtA","S50","166.137.12.97","50","T","2016-07-15 20:13:38","mouseout","0_1_2","0_3_1_2","0_0","Tp","32272","1846","3","0.25","12","0","0","0","1","0","0","0","0","0","0","0","0","1846","0","0","0","0","0"
"25","ctxtA","S50","166.137.12.97","50","T","2016-07-15 20:13:38","mouseout","0_1_2","0_3_1_2","0_0","Dp","34119","1333","4","0.333333333333","12","0","0","0","0","1","0","0","0","0","0","0","0","0","1333","0","0","0","0"
"25","ctxtA","S50","166.137.12.97","50","T","2016-07-15 20:13:38","mouseout","0_1_2","0_3_1_2","0_0","Tp","35453","1602","5","0.416666666667","12","0","0","0","1","0","0","0","0","0","0","0","0","1602","0","0","0","0","0"
"25","ctxtA","S50","166.137.12.97","50","T","2016-07-15 20:13:38","mouseout","0_1_2","0_3_1_2","0_0","Cp","37056","1631","6","0.5","12","0","0","0","0","0","1","0","0","0","0","0","0","0","0","1631","0","0","0"
"25","ctxtA","S50","166.137.12.97","50","T","2016-07-15 20:13:38","mouseout","0_1_2","0_3_1_2","0_0","Dp","38687","1248","7","0.583333333333","12","0","0","0","0","1","0","0","0","0","0","0","0","0","1248","0","0","0","0"
"25","ctxtA","S50","166.137.12.97","50","T","2016-07-15 20:13:38","mouseout","0_1_2","0_3_1_2","0_0","Df","39937","8124","8","0.666666666667","12","0","1","0","0","0","0","0","0","0","0","8124","0","0","0","0","0","0","0"
"25","ctxtA","S50","166.137.12.97","50","T","2016-07-15 20:13:38","mouseout","0_1_2","0_3_1_2","0_0","Tf","48062","4173","9","0.75","12","0","0","1","0","0","0","0","0","0","0","0","4173","0","0","0","0","0","0"
"25","ctxtA","S50","166.137.12.97","50","T","2016-07-15 20:13:38","mouseout","0_1_2","0_3_1_2","0_0","Cf","52237","2308","10","0.833333333333","12","1","0","0","0","0","0","0","0","0","2308","0","0","0","0","0","0","0","0"
"25","ctxtA","S50","166.137.12.97","50","T","2016-07-15 20:13:38","mouseout","0_1_2","0_3_1_2","0_0","Tf","54546","1980","11","0.916666666667","12","0","0","1","0","0","0","0","0","0","0","0","1980","0","0","0","0","0","0"
"25","ctxtA","S50","166.137.12.97","50","T","2016-07-15 20:13:38","onclick","0_1_2","0_3_1_2","0_0","T","56528","11","12","1","12","0","0","0","0","0","0","0","1","0","0","0","0","0","0","0","0","11","0"
"34","ctxtA","S54","129.49.100.21","54","C","2016-07-15 20:30:36","mouseout","0_2_1","0_3_1_2","0_0","Cf","125","443","1","0.0666666666667","15","1","0","0","0","0","0","0","0","0","443","0","0","0","0","0","0","0","0"
"34","ctxtA","S54","129.49.100.21","54","C","2016-07-15 20:30:36","mouseout","0_2_1","0_3_1_2","0_0","Cp","568","381","2","0.133333333333","15","0","0","0","0","0","1","0","0","0","0","0","0","0","0","381","0","0","0"
"34","ctxtA","S54","129.49.100.21","54","C","2016-07-15 20:30:36","mouseout","0_2_1","0_3_1_2","0_0","Cf","1933","867","3","0.2","15","1","0","0","0","0","0","0","0","0","867","0","0","0","0","0","0","0","0"
"34","ctxtA","S54","129.49.100.21","54","C","2016-07-15 20:30:36","mouseout","0_2_1","0_3_1_2","0_0","Cf","40401","5838","4","0.266666666667","15","1","0","0","0","0","0","0","0","0","5838","0","0","0","0","0","0","0","0"
"34","ctxtA","S54","129.49.100.21","54","C","2016-07-15 20:30:36","mouseout","0_2_1","0_3_1_2","0_0","Cp","46257","3853","5","0.333333333333","15","0","0","0","0","0","1","0","0","0","0","0","0","0","0","3853","0","0","0"
"34","ctxtA","S54","129.49.100.21","54","C","2016-07-15 20:30:36","mouseout","0_2_1","0_3_1_2","0_0","Df","50145","3438","6","0.4","15","0","1","0","0","0","0","0","0","0","0","3438","0","0","0","0","0","0","0"
"34","ctxtA","S54","129.49.100.21","54","C","2016-07-15 20:30:36","mouseout","0_2_1","0_3_1_2","0_0","Dp","53599","1147","7","0.466666666667","15","0","0","0","0","1","0","0","0","0","0","0","0","0","1147","0","0","0","0"
"34","ctxtA","S54","129.49.100.21","54","C","2016-07-15 20:30:36","mouseout","0_2_1","0_3_1_2","0_0","Cp","54746","449","8","0.533333333333","15","0","0","0","0","0","1","0","0","0","0","0","0","0","0","449","0","0","0"
"34","ctxtA","S54","129.49.100.21","54","C","2016-07-15 20:30:36","mouseout","0_2_1","0_3_1_2","0_0","Dp","55213","237","9","0.6","15","0","0","0","0","1","0","0","0","0","0","0","0","0","237","0","0","0","0"
"34","ctxtA","S54","129.49.100.21","54","C","2016-07-15 20:30:36","mouseout","0_2_1","0_3_1_2","0_0","Tp","55468","332","10","0.666666666667","15","0","0","0","1","0","0","0","0","0","0","0","0","332","0","0","0","0","0"
"34","ctxtA","S54","129.49.100.21","54","C","2016-07-15 20:30:36","mouseout","0_2_1","0_3_1_2","0_0","Tf","55937","3419","11","0.733333333333","15","0","0","1","0","0","0","0","0","0","0","0","3419","0","0","0","0","0","0"
"34","ctxtA","S54","129.49.100.21","54","C","2016-07-15 20:30:36","mouseout","0_2_1","0_3_1_2","0_0","Tp","59391","751","12","0.8","15","0","0","0","1","0","0","0","0","0","0","0","0","751","0","0","0","0","0"
"34","ctxtA","S54","129.49.100.21","54","C","2016-07-15 20:30:36","mouseout","0_2_1","0_3_1_2","0_0","Dp","60160","433","13","0.866666666667","15","0","0","0","0","1","0","0","0","0","0","0","0","0","433","0","0","0","0"
"34","ctxtA","S54","129.49.100.21","54","C","2016-07-15 20:30:36","mouseout","0_2_1","0_3_1_2","0_0","Cp","60593","817","14","0.933333333333","15","0","0","0","0","0","1","0","0","0","0","0","0","0","0","817","0","0","0"
"34","ctxtA","S54","129.49.100.21","54","C","2016-07-15 20:30:36","onclick","0_2_1","0_3_1_2","0_0","C","61445","427","15","1","15","0","0","0","0","0","0","0","0","1","0","0","0","0","0","0","0","0","427"
"42","ctxtA","S56","128.174.222.251","56","C","2016-07-15 20:38:55","mouseout","0_1_2","0_1_2_3","0_0","Dp","104","487","1","0.0454545454545","22","0","0","0","0","1","0","0","0","0","0","0","0","0","487","0","0","0","0"
"42","ctxtA","S56","128.174.222.251","56","C","2016-07-15 20:38:55","mouseout","0_1_2","0_1_2_3","0_0","Dp","65612","5687","2","0.0909090909091","22","0","0","0","0","1","0","0","0","0","0","0","0","0","5687","0","0","0","0"
"42","ctxtA","S56","128.174.222.251","56","C","2016-07-15 20:38:55","mouseout","0_1_2","0_1_2_3","0_0","Tp","71299","3240","3","0.136363636364","22","0","0","0","1","0","0","0","0","0","0","0","0","3240","0","0","0","0","0"
"42","ctxtA","S56","128.174.222.251","56","C","2016-07-15 20:38:55","mouseout","0_1_2","0_1_2_3","0_0","Cp","74540","5239","4","0.181818181818","22","0","0","0","0","0","1","0","0","0","0","0","0","0","0","5239","0","0","0"
"42","ctxtA","S56","128.174.222.251","56","C","2016-07-15 20:38:55","mouseout","0_1_2","0_1_2_3","0_0","Tp","79779","328","5","0.227272727273","22","0","0","0","1","0","0","0","0","0","0","0","0","328","0","0","0","0","0"
"42","ctxtA","S56","128.174.222.251","56","C","2016-07-15 20:38:55","mouseout","0_1_2","0_1_2_3","0_0","Dp","80107","392","6","0.272727272727","22","0","0","0","0","1","0","0","0","0","0","0","0","0","392","0","0","0","0"
"42","ctxtA","S56","128.174.222.251","56","C","2016-07-15 20:38:55","mouseout","0_1_2","0_1_2_3","0_0","Tp","80499","216","7","0.318181818182","22","0","0","0","1","0","0","0","0","0","0","0","0","216","0","0","0","0","0"
"42","ctxtA","S56","128.174.222.251","56","C","2016-07-15 20:38:55","mouseout","0_1_2","0_1_2_3","0_0","Cp","80716","1487","8","0.363636363636","22","0","0","0","0","0","1","0","0","0","0","0","0","0","0","1487","0","0","0"
"42","ctxtA","S56","128.174.222.251","56","C","2016-07-15 20:38:55","mouseout","0_1_2","0_1_2_3","0_0","Tp","82203","216","9","0.409090909091","22","0","0","0","1","0","0","0","0","0","0","0","0","216","0","0","0","0","0"
"42","ctxtA","S56","128.174.222.251","56","C","2016-07-15 20:38:55","mouseout","0_1_2","0_1_2_3","0_0","Df","82747","5680","10","0.454545454545","22","0","1","0","0","0","0","0","0","0","0","5680","0","0","0","0","0","0","0"
"42","ctxtA","S56","128.174.222.251","56","C","2016-07-15 20:38:55","mouseout","0_1_2","0_1_2_3","0_0","Tf","88427","3112","11","0.5","22","0","0","1","0","0","0","0","0","0","0","0","3112","0","0","0","0","0","0"
"42","ctxtA","S56","128.174.222.251","56","C","2016-07-15 20:38:55","mouseout","0_1_2","0_1_2_3","0_0","Df","91539","552","12","0.545454545455","22","0","1","0","0","0","0","0","0","0","0","552","0","0","0","0","0","0","0"
"42","ctxtA","S56","128.174.222.251","56","C","2016-07-15 20:38:55","mouseout","0_1_2","0_1_2_3","0_0","Cf","92204","3647","13","0.590909090909","22","1","0","0","0","0","0","0","0","0","3647","0","0","0","0","0","0","0","0"
"42","ctxtA","S56","128.174.222.251","56","C","2016-07-15 20:38:55","mouseout","0_1_2","0_1_2_3","0_0","Tf","95851","648","14","0.636363636364","22","0","0","1","0","0","0","0","0","0","0","0","648","0","0","0","0","0","0"
"42","ctxtA","S56","128.174.222.251","56","C","2016-07-15 20:38:55","mouseout","0_1_2","0_1_2_3","0_0","Tp","96499","800","15","0.681818181818","22","0","0","0","1","0","0","0","0","0","0","0","0","800","0","0","0","0","0"
"42","ctxtA","S56","128.174.222.251","56","C","2016-07-15 20:38:55","mouseout","0_1_2","0_1_2_3","0_0","Cp","97299","3544","16","0.727272727273","22","0","0","0","0","0","1","0","0","0","0","0","0","0","0","3544","0","0","0"
"42","ctxtA","S56","128.174.222.251","56","C","2016-07-15 20:38:55","mouseout","0_1_2","0_1_2_3","0_0","Tp","100843","1016","17","0.772727272727","22","0","0","0","1","0","0","0","0","0","0","0","0","1016","0","0","0","0","0"
"42","ctxtA","S56","128.174.222.251","56","C","2016-07-15 20:38:55","mouseout","0_1_2","0_1_2_3","0_0","Cp","101859","448","18","0.818181818182","22","0","0","0","0","0","1","0","0","0","0","0","0","0","0","448","0","0","0"
"42","ctxtA","S56","128.174.222.251","56","C","2016-07-15 20:38:55","mouseout","0_1_2","0_1_2_3","0_0","Cf","102307","904","19","0.863636363636","22","1","0","0","0","0","0","0","0","0","904","0","0","0","0","0","0","0","0"
"42","ctxtA","S56","128.174.222.251","56","C","2016-07-15 20:38:55","mouseout","0_1_2","0_1_2_3","0_0","Tf","103211","2087","20","0.909090909091","22","0","0","1","0","0","0","0","0","0","0","0","2087","0","0","0","0","0","0"
"42","ctxtA","S56","128.174.222.251","56","C","2016-07-15 20:38:55","mouseout","0_1_2","0_1_2_3","0_0","Cf","105299","863","21","0.954545454545","22","1","0","0","0","0","0","0","0","0","863","0","0","0","0","0","0","0","0"
"42","ctxtA","S56","128.174.222.251","56","C","2016-07-15 20:38:55","onclick","0_1_2","0_1_2_3","0_0","C","106163","312","22","1","22","0","0","0","0","0","0","0","0","1","0","0","0","0","0","0","0","0","312"
"51","ctxtA","S60","132.235.144.119","60","T","2016-07-15 20:58:41","mouseout","0_2_1","0_1_2_3","0_0","Df","54","492","1","0.0243902439024","41","0","1","0","0","0","0","0","0","0","0","492","0","0","0","0","0","0","0"
"51","ctxtA","S60","132.235.144.119","60","T","2016-07-15 20:58:41","mouseout","0_2_1","0_1_2_3","0_0","Df","54657","791","2","0.0487804878049","41","0","1","0","0","0","0","0","0","0","0","791","0","0","0","0","0","0","0"
"51","ctxtA","S60","132.235.144.119","60","T","2016-07-15 20:58:41","mouseout","0_2_1","0_1_2_3","0_0","Dp","55464","1254","3","0.0731707317073","41","0","0","0","0","1","0","0","0","0","0","0","0","0","1254","0","0","0","0"
"51","ctxtA","S60","132.235.144.119","60","T","2016-07-15 20:58:41","mouseout","0_2_1","0_1_2_3","0_0","Tp","56734","391","4","0.0975609756098","41","0","0","0","1","0","0","0","0","0","0","0","0","391","0","0","0","0","0"
"51","ctxtA","S60","132.235.144.119","60","T","2016-07-15 20:58:41","mouseout","0_2_1","0_1_2_3","0_0","Dp","57125","277","5","0.121951219512","41","0","0","0","0","1","0","0","0","0","0","0","0","0","277","0","0","0","0"
"51","ctxtA","S60","132.235.144.119","60","T","2016-07-15 20:58:41","mouseout","0_2_1","0_1_2_3","0_0","Tp","57418","470","6","0.146341463415","41","0","0","0","1","0","0","0","0","0","0","0","0","470","0","0","0","0","0"
"51","ctxtA","S60","132.235.144.119","60","T","2016-07-15 20:58:41","mouseout","0_2_1","0_1_2_3","0_0","Dp","57904","235","7","0.170731707317","41","0","0","0","0","1","0","0","0","0","0","0","0","0","235","0","0","0","0"
"51","ctxtA","S60","132.235.144.119","60","T","2016-07-15 20:58:41","mouseout","0_2_1","0_1_2_3","0_0","Tp","58139","1608","8","0.19512195122","41","0","0","0","1","0","0","0","0","0","0","0","0","1608","0","0","0","0","0"
"51","ctxtA","S60","132.235.144.119","60","T","2016-07-15 20:58:41","mouseout","0_2_1","0_1_2_3","0_0","Dp","59747","913","9","0.219512195122","41","0","0","0","0","1","0","0","0","0","0","0","0","0","913","0","0","0","0"
"51","ctxtA","S60","132.235.144.119","60","T","2016-07-15 20:58:41","mouseout","0_2_1","0_1_2_3","0_0","Tp","60676","584","10","0.243902439024","41","0","0","0","1","0","0","0","0","0","0","0","0","584","0","0","0","0","0"
"51","ctxtA","S60","132.235.144.119","60","T","2016-07-15 20:58:41","mouseout","0_2_1","0_1_2_3","0_0","Cp","61260","1247","11","0.268292682927","41","0","0","0","0","0","1","0","0","0","0","0","0","0","0","1247","0","0","0"
"51","ctxtA","S60","132.235.144.119","60","T","2016-07-15 20:58:41","mouseout","0_2_1","0_1_2_3","0_0","Tp","62522","425","12","0.292682926829","41","0","0","0","1","0","0","0","0","0","0","0","0","425","0","0","0","0","0"
"51","ctxtA","S60","132.235.144.119","60","T","2016-07-15 20:58:41","mouseout","0_2_1","0_1_2_3","0_0","Dp","62962","1437","13","0.317073170732","41","0","0","0","0","1","0","0","0","0","0","0","0","0","1437","0","0","0","0"
"51","ctxtA","S60","132.235.144.119","60","T","2016-07-15 20:58:41","mouseout","0_2_1","0_1_2_3","0_0","Df","64414","710","14","0.341463414634","41","0","1","0","0","0","0","0","0","0","0","710","0","0","0","0","0","0","0"
"51","ctxtA","S60","132.235.144.119","60","T","2016-07-15 20:58:41","mouseout","0_2_1","0_1_2_3","0_0","Tf","65124","1187","15","0.365853658537","41","0","0","1","0","0","0","0","0","0","0","0","1187","0","0","0","0","0","0"
"51","ctxtA","S60","132.235.144.119","60","T","2016-07-15 20:58:41","mouseout","0_2_1","0_1_2_3","0_0","Df","66356","3017","16","0.390243902439","41","0","1","0","0","0","0","0","0","0","0","3017","0","0","0","0","0","0","0"
"51","ctxtA","S60","132.235.144.119","60","T","2016-07-15 20:58:41","mouseout","0_2_1","0_1_2_3","0_0","Tf","69373","3949","17","0.414634146341","41","0","0","1","0","0","0","0","0","0","0","0","3949","0","0","0","0","0","0"
"51","ctxtA","S60","132.235.144.119","60","T","2016-07-15 20:58:41","mouseout","0_2_1","0_1_2_3","0_0","Df","73338","584","18","0.439024390244","41","0","1","0","0","0","0","0","0","0","0","584","0","0","0","0","0","0","0"
"51","ctxtA","S60","132.235.144.119","60","T","2016-07-15 20:58:41","mouseout","0_2_1","0_1_2_3","0_0","Tf","73922","224","19","0.463414634146","41","0","0","1","0","0","0","0","0","0","0","0","224","0","0","0","0","0","0"
"51","ctxtA","S60","132.235.144.119","60","T","2016-07-15 20:58:41","mouseout","0_2_1","0_1_2_3","0_0","Cf","74146","925","20","0.487804878049","41","1","0","0","0","0","0","0","0","0","925","0","0","0","0","0","0","0","0"
"51","ctxtA","S60","132.235.144.119","60","T","2016-07-15 20:58:41","mouseout","0_2_1","0_1_2_3","0_0","Cp","75071","450","21","0.512195121951","41","0","0","0","0","0","1","0","0","0","0","0","0","0","0","450","0","0","0"
"51","ctxtA","S60","132.235.144.119","60","T","2016-07-15 20:58:41","mouseout","0_2_1","0_1_2_3","0_0","Tp","75537","824","22","0.536585365854","41","0","0","0","1","0","0","0","0","0","0","0","0","824","0","0","0","0","0"
"51","ctxtA","S60","132.235.144.119","60","T","2016-07-15 20:58:41","mouseout","0_2_1","0_1_2_3","0_0","Tf","76361","474","23","0.560975609756","41","0","0","1","0","0","0","0","0","0","0","0","474","0","0","0","0","0","0"
"51","ctxtA","S60","132.235.144.119","60","T","2016-07-15 20:58:41","mouseout","0_2_1","0_1_2_3","0_0","Cf","76851","1171","24","0.585365853659","41","1","0","0","0","0","0","0","0","0","1171","0","0","0","0","0","0","0","0"
"51","ctxtA","S60","132.235.144.119","60","T","2016-07-15 20:58:41","mouseout","0_2_1","0_1_2_3","0_0","Tf","78022","4556","25","0.609756097561","41","0","0","1","0","0","0","0","0","0","0","0","4556","0","0","0","0","0","0"
"51","ctxtA","S60","132.235.144.119","60","T","2016-07-15 20:58:41","mouseout","0_2_1","0_1_2_3","0_0","Cf","82594","1603","26","0.634146341463","41","1","0","0","0","0","0","0","0","0","1603","0","0","0","0","0","0","0","0"
"51","ctxtA","S60","132.235.144.119","60","T","2016-07-15 20:58:41","mouseout","0_2_1","0_1_2_3","0_0","Cp","84197","493","27","0.658536585366","41","0","0","0","0","0","1","0","0","0","0","0","0","0","0","493","0","0","0"
"51","ctxtA","S60","132.235.144.119","60","T","2016-07-15 20:58:41","mouseout","0_2_1","0_1_2_3","0_0","Tp","84706","468","28","0.682926829268","41","0","0","0","1","0","0","0","0","0","0","0","0","468","0","0","0","0","0"
"51","ctxtA","S60","132.235.144.119","60","T","2016-07-15 20:58:41","mouseout","0_2_1","0_1_2_3","0_0","Cp","85174","359","29","0.707317073171","41","0","0","0","0","0","1","0","0","0","0","0","0","0","0","359","0","0","0"
"51","ctxtA","S60","132.235.144.119","60","T","2016-07-15 20:58:41","mouseout","0_2_1","0_1_2_3","0_0","Tp","85549","538","30","0.731707317073","41","0","0","0","1","0","0","0","0","0","0","0","0","538","0","0","0","0","0"
"51","ctxtA","S60","132.235.144.119","60","T","2016-07-15 20:58:41","mouseout","0_2_1","0_1_2_3","0_0","Cp","86141","266","31","0.756097560976","41","0","0","0","0","0","1","0","0","0","0","0","0","0","0","266","0","0","0"
"51","ctxtA","S60","132.235.144.119","60","T","2016-07-15 20:58:41","mouseout","0_2_1","0_1_2_3","0_0","Tp","86438","1812","32","0.780487804878","41","0","0","0","1","0","0","0","0","0","0","0","0","1812","0","0","0","0","0"
"51","ctxtA","S60","132.235.144.119","60","T","2016-07-15 20:58:41","mouseout","0_2_1","0_1_2_3","0_0","Cp","88250","617","33","0.80487804878","41","0","0","0","0","0","1","0","0","0","0","0","0","0","0","617","0","0","0"
"51","ctxtA","S60","132.235.144.119","60","T","2016-07-15 20:58:41","mouseout","0_2_1","0_1_2_3","0_0","Tf","88918","615","34","0.829268292683","41","0","0","1","0","0","0","0","0","0","0","0","615","0","0","0","0","0","0"
"51","ctxtA","S60","132.235.144.119","60","T","2016-07-15 20:58:41","mouseout","0_2_1","0_1_2_3","0_0","Cf","89533","556","35","0.853658536585","41","1","0","0","0","0","0","0","0","0","556","0","0","0","0","0","0","0","0"
"51","ctxtA","S60","132.235.144.119","60","T","2016-07-15 20:58:41","mouseout","0_2_1","0_1_2_3","0_0","Tf","90470","402","36","0.878048780488","41","0","0","1","0","0","0","0","0","0","0","0","402","0","0","0","0","0","0"
"51","ctxtA","S60","132.235.144.119","60","T","2016-07-15 20:58:41","mouseout","0_2_1","0_1_2_3","0_0","Cf","90910","907","37","0.90243902439","41","1","0","0","0","0","0","0","0","0","907","0","0","0","0","0","0","0","0"
"51","ctxtA","S60","132.235.144.119","60","T","2016-07-15 20:58:41","mouseout","0_2_1","0_1_2_3","0_0","Tf","91817","1105","38","0.926829268293","41","0","0","1","0","0","0","0","0","0","0","0","1105","0","0","0","0","0","0"
"51","ctxtA","S60","132.235.144.119","60","T","2016-07-15 20:58:41","mouseout","0_2_1","0_1_2_3","0_0","Cf","92922","728","39","0.951219512195","41","1","0","0","0","0","0","0","0","0","728","0","0","0","0","0","0","0","0"
"51","ctxtA","S60","132.235.144.119","60","T","2016-07-15 20:58:41","mouseout","0_2_1","0_1_2_3","0_0","Tf","93666","621","40","0.975609756098","41","0","0","1","0","0","0","0","0","0","0","0","621","0","0","0","0","0","0"
"51","ctxtA","S60","132.235.144.119","60","T","2016-07-15 20:58:41","onclick","0_2_1","0_1_2_3","0_0","T","94518","456","41","1","41","0","0","0","0","0","0","0","1","0","0","0","0","0","0","0","0","456","0"
"64","ctxtA","S66","64.247.70.48","66","T","2016-07-15 21:57:04","mouseout","0_1_2","0_3_1_2","0_0","Cp","18300","4128","1","0.0434782608696","23","0","0","0","0","0","1","0","0","0","0","0","0","0","0","4128","0","0","0"
"64","ctxtA","S66","64.247.70.48","66","T","2016-07-15 21:57:04","mouseout","0_1_2","0_3_1_2","0_0","Dp","22446","1278","2","0.0869565217391","23","0","0","0","0","1","0","0","0","0","0","0","0","0","1278","0","0","0","0"
"64","ctxtA","S66","64.247.70.48","66","T","2016-07-15 21:57:04","mouseout","0_1_2","0_3_1_2","0_0","Dp","24002","774","3","0.130434782609","23","0","0","0","0","1","0","0","0","0","0","0","0","0","774","0","0","0","0"
"64","ctxtA","S66","64.247.70.48","66","T","2016-07-15 21:57:04","mouseout","0_1_2","0_3_1_2","0_0","Tp","24776","2209","4","0.173913043478","23","0","0","0","1","0","0","0","0","0","0","0","0","2209","0","0","0","0","0"
"64","ctxtA","S66","64.247.70.48","66","T","2016-07-15 21:57:04","mouseout","0_1_2","0_3_1_2","0_0","Cp","27073","3485","5","0.217391304348","23","0","0","0","0","0","1","0","0","0","0","0","0","0","0","3485","0","0","0"
"64","ctxtA","S66","64.247.70.48","66","T","2016-07-15 21:57:04","mouseout","0_1_2","0_3_1_2","0_0","Dp","30575","362","6","0.260869565217","23","0","0","0","0","1","0","0","0","0","0","0","0","0","362","0","0","0","0"
"64","ctxtA","S66","64.247.70.48","66","T","2016-07-15 21:57:04","mouseout","0_1_2","0_3_1_2","0_0","Tp","30937","1194","7","0.304347826087","23","0","0","0","1","0","0","0","0","0","0","0","0","1194","0","0","0","0","0"
"64","ctxtA","S66","64.247.70.48","66","T","2016-07-15 21:57:04","mouseout","0_1_2","0_3_1_2","0_0","Dp","32148","458","8","0.347826086957","23","0","0","0","0","1","0","0","0","0","0","0","0","0","458","0","0","0","0"
"64","ctxtA","S66","64.247.70.48","66","T","2016-07-15 21:57:04","mouseout","0_1_2","0_3_1_2","0_0","Cp","32623","860","9","0.391304347826","23","0","0","0","0","0","1","0","0","0","0","0","0","0","0","860","0","0","0"
"64","ctxtA","S66","64.247.70.48","66","T","2016-07-15 21:57:04","mouseout","0_1_2","0_3_1_2","0_0","Dp","33483","386","10","0.434782608696","23","0","0","0","0","1","0","0","0","0","0","0","0","0","386","0","0","0","0"
"64","ctxtA","S66","64.247.70.48","66","T","2016-07-15 21:57:04","mouseout","0_1_2","0_3_1_2","0_0","Tp","33887","447","11","0.478260869565","23","0","0","0","1","0","0","0","0","0","0","0","0","447","0","0","0","0","0"
"64","ctxtA","S66","64.247.70.48","66","T","2016-07-15 21:57:04","mouseout","0_1_2","0_3_1_2","0_0","Cp","34454","1933","12","0.521739130435","23","0","0","0","0","0","1","0","0","0","0","0","0","0","0","1933","0","0","0"
"64","ctxtA","S66","64.247.70.48","66","T","2016-07-15 21:57:04","mouseout","0_1_2","0_3_1_2","0_0","Cf","36403","2233","13","0.565217391304","23","1","0","0","0","0","0","0","0","0","2233","0","0","0","0","0","0","0","0"
"64","ctxtA","S66","64.247.70.48","66","T","2016-07-15 21:57:04","mouseout","0_1_2","0_3_1_2","0_0","Df","38637","3344","14","0.608695652174","23","0","1","0","0","0","0","0","0","0","0","3344","0","0","0","0","0","0","0"
"64","ctxtA","S66","64.247.70.48","66","T","2016-07-15 21:57:04","mouseout","0_1_2","0_3_1_2","0_0","Tf","41981","8514","15","0.652173913043","23","0","0","1","0","0","0","0","0","0","0","0","8514","0","0","0","0","0","0"
"64","ctxtA","S66","64.247.70.48","66","T","2016-07-15 21:57:04","mouseout","0_1_2","0_3_1_2","0_0","Cf","50565","1139","16","0.695652173913","23","1","0","0","0","0","0","0","0","0","1139","0","0","0","0","0","0","0","0"
"64","ctxtA","S66","64.247.70.48","66","T","2016-07-15 21:57:04","mouseout","0_1_2","0_3_1_2","0_0","Tf","51755","2085","17","0.739130434783","23","0","0","1","0","0","0","0","0","0","0","0","2085","0","0","0","0","0","0"
"64","ctxtA","S66","64.247.70.48","66","T","2016-07-15 21:57:04","mouseout","0_1_2","0_3_1_2","0_0","Cf","54063","1359","18","0.782608695652","23","1","0","0","0","0","0","0","0","0","1359","0","0","0","0","0","0","0","0"
"64","ctxtA","S66","64.247.70.48","66","T","2016-07-15 21:57:04","mouseout","0_1_2","0_3_1_2","0_0","Tf","55526","1890","19","0.826086956522","23","0","0","1","0","0","0","0","0","0","0","0","1890","0","0","0","0","0","0"
"64","ctxtA","S66","64.247.70.48","66","T","2016-07-15 21:57:04","mouseout","0_1_2","0_3_1_2","0_0","Df","57416","240","20","0.869565217391","23","0","1","0","0","0","0","0","0","0","0","240","0","0","0","0","0","0","0"
"64","ctxtA","S66","64.247.70.48","66","T","2016-07-15 21:57:04","mouseout","0_1_2","0_3_1_2","0_0","Cf","57674","367","21","0.913043478261","23","1","0","0","0","0","0","0","0","0","367","0","0","0","0","0","0","0","0"
"64","ctxtA","S66","64.247.70.48","66","T","2016-07-15 21:57:04","onclick","0_1_2","0_3_1_2","0_0","T","58694","1001","22","0.95652173913","23","0","0","0","0","0","0","0","1","0","0","0","0","0","0","0","0","1001","0"
"64","ctxtA","S66","64.247.70.48","66","T","2016-07-15 21:57:04","mouseout","0_1_2","0_3_1_2","0_0","Tp","60074","371","23","1","23","0","0","0","1","0","0","0","0","0","0","0","0","371","0","0","0","0","0"
"73","ctxtA","S68","94.246.170.66","68","C","2016-07-15 22:24:35","mouseout","0_2_1","0_1_2_3","0_0","Df","5730","4583","1","0.0909090909091","11","0","1","0","0","0","0","0","0","0","0","4583","0","0","0","0","0","0","0"
"73","ctxtA","S68","94.246.170.66","68","C","2016-07-15 22:24:35","mouseout","0_2_1","0_1_2_3","0_0","Df","66546","7324","2","0.181818181818","11","0","1","0","0","0","0","0","0","0","0","7324","0","0","0","0","0","0","0"
"73","ctxtA","S68","94.246.170.66","68","C","2016-07-15 22:24:35","mouseout","0_2_1","0_1_2_3","0_0","Dp","73873","3231","3","0.272727272727","11","0","0","0","0","1","0","0","0","0","0","0","0","0","3231","0","0","0","0"
"73","ctxtA","S68","94.246.170.66","68","C","2016-07-15 22:24:35","mouseout","0_2_1","0_1_2_3","0_0","Tp","77112","1424","4","0.363636363636","11","0","0","0","1","0","0","0","0","0","0","0","0","1424","0","0","0","0","0"
"73","ctxtA","S68","94.246.170.66","68","C","2016-07-15 22:24:35","mouseout","0_2_1","0_1_2_3","0_0","Cp","78545","1591","5","0.454545454545","11","0","0","0","0","0","1","0","0","0","0","0","0","0","0","1591","0","0","0"
"73","ctxtA","S68","94.246.170.66","68","C","2016-07-15 22:24:35","mouseout","0_2_1","0_1_2_3","0_0","Cf","80144","3376","6","0.545454545455","11","1","0","0","0","0","0","0","0","0","3376","0","0","0","0","0","0","0","0"
"73","ctxtA","S68","94.246.170.66","68","C","2016-07-15 22:24:35","mouseout","0_2_1","0_1_2_3","0_0","Cp","83528","256","7","0.636363636364","11","0","0","0","0","0","1","0","0","0","0","0","0","0","0","256","0","0","0"
"73","ctxtA","S68","94.246.170.66","68","C","2016-07-15 22:24:35","mouseout","0_2_1","0_1_2_3","0_0","Tp","83785","591","8","0.727272727273","11","0","0","0","1","0","0","0","0","0","0","0","0","591","0","0","0","0","0"
"73","ctxtA","S68","94.246.170.66","68","C","2016-07-15 22:24:35","mouseout","0_2_1","0_1_2_3","0_0","Tf","84376","1288","9","0.818181818182","11","0","0","1","0","0","0","0","0","0","0","0","1288","0","0","0","0","0","0"
"73","ctxtA","S68","94.246.170.66","68","C","2016-07-15 22:24:35","mouseout","0_2_1","0_1_2_3","0_0","Cf","85673","1223","10","0.909090909091","11","1","0","0","0","0","0","0","0","0","1223","0","0","0","0","0","0","0","0"
"73","ctxtA","S68","94.246.170.66","68","C","2016-07-15 22:24:35","onclick","0_2_1","0_1_2_3","0_0","C","87376","425","11","1","11","0","0","0","0","0","0","0","0","1","0","0","0","0","0","0","0","0","425"
"79","ctxtA","S70","173.69.255.111","70","T","2016-07-15 22:37:33","mouseout","0_2_1","0_3_1_2","0_0","Cf","73666","1862","1","0.05","20","1","0","0","0","0","0","0","0","0","1862","0","0","0","0","0","0","0","0"
"79","ctxtA","S70","173.69.255.111","70","T","2016-07-15 22:37:33","mouseout","0_2_1","0_3_1_2","0_0","Cp","75528","2604","2","0.1","20","0","0","0","0","0","1","0","0","0","0","0","0","0","0","2604","0","0","0"
"79","ctxtA","S70","173.69.255.111","70","T","2016-07-15 22:37:33","mouseout","0_2_1","0_3_1_2","0_0","Cf","78191","1737","3","0.15","20","1","0","0","0","0","0","0","0","0","1737","0","0","0","0","0","0","0","0"
"79","ctxtA","S70","173.69.255.111","70","T","2016-07-15 22:37:33","mouseout","0_2_1","0_3_1_2","0_0","Cp","79943","3888","4","0.2","20","0","0","0","0","0","1","0","0","0","0","0","0","0","0","3888","0","0","0"
"79","ctxtA","S70","173.69.255.111","70","T","2016-07-15 22:37:33","mouseout","0_2_1","0_3_1_2","0_0","Dp","83850","1659","5","0.25","20","0","0","0","0","1","0","0","0","0","0","0","0","0","1659","0","0","0","0"
"79","ctxtA","S70","173.69.255.111","70","T","2016-07-15 22:37:33","mouseout","0_2_1","0_3_1_2","0_0","Tp","85509","1417","6","0.3","20","0","0","0","1","0","0","0","0","0","0","0","0","1417","0","0","0","0","0"
"79","ctxtA","S70","173.69.255.111","70","T","2016-07-15 22:37:33","mouseout","0_2_1","0_3_1_2","0_0","Df","86975","4455","7","0.35","20","0","1","0","0","0","0","0","0","0","0","4455","0","0","0","0","0","0","0"
"79","ctxtA","S70","173.69.255.111","70","T","2016-07-15 22:37:33","mouseout","0_2_1","0_3_1_2","0_0","Tf","91430","5076","8","0.4","20","0","0","1","0","0","0","0","0","0","0","0","5076","0","0","0","0","0","0"
"79","ctxtA","S70","173.69.255.111","70","T","2016-07-15 22:37:33","mouseout","0_2_1","0_3_1_2","0_0","Tp","96506","1866","9","0.45","20","0","0","0","1","0","0","0","0","0","0","0","0","1866","0","0","0","0","0"
"79","ctxtA","S70","173.69.255.111","70","T","2016-07-15 22:37:33","mouseout","0_2_1","0_3_1_2","0_0","Cp","98482","550","10","0.5","20","0","0","0","0","0","1","0","0","0","0","0","0","0","0","550","0","0","0"
"79","ctxtA","S70","173.69.255.111","70","T","2016-07-15 22:37:33","mouseout","0_2_1","0_3_1_2","0_0","Cf","99032","2988","11","0.55","20","1","0","0","0","0","0","0","0","0","2988","0","0","0","0","0","0","0","0"
"79","ctxtA","S70","173.69.255.111","70","T","2016-07-15 22:37:33","mouseout","0_2_1","0_3_1_2","0_0","Tf","102071","351","12","0.6","20","0","0","1","0","0","0","0","0","0","0","0","351","0","0","0","0","0","0"
"79","ctxtA","S70","173.69.255.111","70","T","2016-07-15 22:37:33","mouseout","0_2_1","0_3_1_2","0_0","Tp","102439","271","13","0.65","20","0","0","0","1","0","0","0","0","0","0","0","0","271","0","0","0","0","0"
"79","ctxtA","S70","173.69.255.111","70","T","2016-07-15 22:37:33","mouseout","0_2_1","0_3_1_2","0_0","Tf","102710","1893","14","0.7","20","0","0","1","0","0","0","0","0","0","0","0","1893","0","0","0","0","0","0"
"79","ctxtA","S70","173.69.255.111","70","T","2016-07-15 22:37:33","mouseout","0_2_1","0_3_1_2","0_0","Tp","104603","3714","15","0.75","20","0","0","0","1","0","0","0","0","0","0","0","0","3714","0","0","0","0","0"
"79","ctxtA","S70","173.69.255.111","70","T","2016-07-15 22:37:33","mouseout","0_2_1","0_3_1_2","0_0","Cp","108351","953","16","0.8","20","0","0","0","0","0","1","0","0","0","0","0","0","0","0","953","0","0","0"
"79","ctxtA","S70","173.69.255.111","70","T","2016-07-15 22:37:33","mouseout","0_2_1","0_3_1_2","0_0","Cf","109304","1624","17","0.85","20","1","0","0","0","0","0","0","0","0","1624","0","0","0","0","0","0","0","0"
"79","ctxtA","S70","173.69.255.111","70","T","2016-07-15 22:37:33","mouseout","0_2_1","0_3_1_2","0_0","Cp","110959","1762","18","0.9","20","0","0","0","0","0","1","0","0","0","0","0","0","0","0","1762","0","0","0"
"79","ctxtA","S70","173.69.255.111","70","T","2016-07-15 22:37:33","mouseout","0_2_1","0_3_1_2","0_0","Tp","113191","354","19","0.95","20","0","0","0","1","0","0","0","0","0","0","0","0","354","0","0","0","0","0"
"79","ctxtA","S70","173.69.255.111","70","T","2016-07-15 22:37:33","onclick","0_2_1","0_3_1_2","0_0","T","114008","253","20","1","20","0","0","0","0","0","0","0","1","0","0","0","0","0","0","0","0","253","0"
"94","ctxtA","S74","77.251.245.190","74","T","2016-07-15 22:51:52","mouseout","0_1_2","0_3_1_2","0_0","Cp","47279","8853","1","0.0454545454545","22","0","0","0","0","0","1","0","0","0","0","0","0","0","0","8853","0","0","0"
"94","ctxtA","S74","77.251.245.190","74","T","2016-07-15 22:51:52","mouseout","0_1_2","0_3_1_2","0_0","Dp","56159","2212","2","0.0909090909091","22","0","0","0","0","1","0","0","0","0","0","0","0","0","2212","0","0","0","0"
"94","ctxtA","S74","77.251.245.190","74","T","2016-07-15 22:51:52","mouseout","0_1_2","0_3_1_2","0_0","Tp","58381","1945","3","0.136363636364","22","0","0","0","1","0","0","0","0","0","0","0","0","1945","0","0","0","0","0"
"94","ctxtA","S74","77.251.245.190","74","T","2016-07-15 22:51:52","mouseout","0_1_2","0_3_1_2","0_0","Dp","60346","659","4","0.181818181818","22","0","0","0","0","1","0","0","0","0","0","0","0","0","659","0","0","0","0"
"94","ctxtA","S74","77.251.245.190","74","T","2016-07-15 22:51:52","mouseout","0_1_2","0_3_1_2","0_0","Tp","61015","379","5","0.227272727273","22","0","0","0","1","0","0","0","0","0","0","0","0","379","0","0","0","0","0"
"94","ctxtA","S74","77.251.245.190","74","T","2016-07-15 22:51:52","mouseout","0_1_2","0_3_1_2","0_0","Cp","61489","632","6","0.272727272727","22","0","0","0","0","0","1","0","0","0","0","0","0","0","0","632","0","0","0"
"94","ctxtA","S74","77.251.245.190","74","T","2016-07-15 22:51:52","mouseout","0_1_2","0_3_1_2","0_0","Cf","62121","12369","7","0.318181818182","22","1","0","0","0","0","0","0","0","0","12369","0","0","0","0","0","0","0","0"
"94","ctxtA","S74","77.251.245.190","74","T","2016-07-15 22:51:52","mouseout","0_1_2","0_3_1_2","0_0","Df","74503","2941","8","0.363636363636","22","0","1","0","0","0","0","0","0","0","0","2941","0","0","0","0","0","0","0"
"94","ctxtA","S74","77.251.245.190","74","T","2016-07-15 22:51:52","mouseout","0_1_2","0_3_1_2","0_0","Tf","77452","13646","9","0.409090909091","22","0","0","1","0","0","0","0","0","0","0","0","13646","0","0","0","0","0","0"
"94","ctxtA","S74","77.251.245.190","74","T","2016-07-15 22:51:52","mouseout","0_1_2","0_3_1_2","0_0","Tp","91128","2337","10","0.454545454545","22","0","0","0","1","0","0","0","0","0","0","0","0","2337","0","0","0","0","0"
"94","ctxtA","S74","77.251.245.190","74","T","2016-07-15 22:51:52","mouseout","0_1_2","0_3_1_2","0_0","Dp","93475","879","11","0.5","22","0","0","0","0","1","0","0","0","0","0","0","0","0","879","0","0","0","0"
"94","ctxtA","S74","77.251.245.190","74","T","2016-07-15 22:51:52","mouseout","0_1_2","0_3_1_2","0_0","Tp","94372","726","12","0.545454545455","22","0","0","0","1","0","0","0","0","0","0","0","0","726","0","0","0","0","0"
"94","ctxtA","S74","77.251.245.190","74","T","2016-07-15 22:51:52","mouseout","0_1_2","0_3_1_2","0_0","Dp","95108","1363","13","0.590909090909","22","0","0","0","0","1","0","0","0","0","0","0","0","0","1363","0","0","0","0"
"94","ctxtA","S74","77.251.245.190","74","T","2016-07-15 22:51:52","mouseout","0_1_2","0_3_1_2","0_0","Cf","96558","346","14","0.636363636364","22","1","0","0","0","0","0","0","0","0","346","0","0","0","0","0","0","0","0"
"94","ctxtA","S74","77.251.245.190","74","T","2016-07-15 22:51:52","mouseout","0_1_2","0_3_1_2","0_0","Dp","97019","719","15","0.681818181818","22","0","0","0","0","1","0","0","0","0","0","0","0","0","719","0","0","0","0"
"94","ctxtA","S74","77.251.245.190","74","T","2016-07-15 22:51:52","mouseout","0_1_2","0_3_1_2","0_0","Tp","97753","1175","16","0.727272727273","22","0","0","0","1","0","0","0","0","0","0","0","0","1175","0","0","0","0","0"
"94","ctxtA","S74","77.251.245.190","74","T","2016-07-15 22:51:52","mouseout","0_1_2","0_3_1_2","0_0","Cp","99048","2755","17","0.772727272727","22","0","0","0","0","0","1","0","0","0","0","0","0","0","0","2755","0","0","0"
"94","ctxtA","S74","77.251.245.190","74","T","2016-07-15 22:51:52","mouseout","0_1_2","0_3_1_2","0_0","Dp","101803","351","18","0.818181818182","22","0","0","0","0","1","0","0","0","0","0","0","0","0","351","0","0","0","0"
"94","ctxtA","S74","77.251.245.190","74","T","2016-07-15 22:51:52","mouseout","0_1_2","0_3_1_2","0_0","Cf","102167","4524","19","0.863636363636","22","1","0","0","0","0","0","0","0","0","4524","0","0","0","0","0","0","0","0"
"94","ctxtA","S74","77.251.245.190","74","T","2016-07-15 22:51:52","mouseout","0_1_2","0_3_1_2","0_0","Df","106698","1708","20","0.909090909091","22","0","1","0","0","0","0","0","0","0","0","1708","0","0","0","0","0","0","0"
"94","ctxtA","S74","77.251.245.190","74","T","2016-07-15 22:51:52","mouseout","0_1_2","0_3_1_2","0_0","Tf","108416","5852","21","0.954545454545","22","0","0","1","0","0","0","0","0","0","0","0","5852","0","0","0","0","0","0"
"94","ctxtA","S74","77.251.245.190","74","T","2016-07-15 22:51:52","onclick","0_1_2","0_3_1_2","0_0","T","114327","617","22","1","22","0","0","0","0","0","0","0","1","0","0","0","0","0","0","0","0","617","0"
"101","ctxtA","S76","66.87.3.53","76","T","2016-07-15 22:55:57","mouseout","0_2_1","0_1_2_3","0_0","Df","4084","1106","1","0.111111111111","9","0","1","0","0","0","0","0","0","0","0","1106","0","0","0","0","0","0","0"
"101","ctxtA","S76","66.87.3.53","76","T","2016-07-15 22:55:57","mouseout","0_2_1","0_1_2_3","0_0","Df","11058","2676","2","0.222222222222","9","0","1","0","0","0","0","0","0","0","0","2676","0","0","0","0","0","0","0"
"101","ctxtA","S76","66.87.3.53","76","T","2016-07-15 22:55:57","mouseout","0_2_1","0_1_2_3","0_0","Dp","14209","1457","3","0.333333333333","9","0","0","0","0","1","0","0","0","0","0","0","0","0","1457","0","0","0","0"
"101","ctxtA","S76","66.87.3.53","76","T","2016-07-15 22:55:57","mouseout","0_2_1","0_1_2_3","0_0","Tf","15679","660","4","0.444444444444","9","0","0","1","0","0","0","0","0","0","0","0","660","0","0","0","0","0","0"
"101","ctxtA","S76","66.87.3.53","76","T","2016-07-15 22:55:57","mouseout","0_2_1","0_1_2_3","0_0","Tf","24702","818","5","0.555555555556","9","0","0","1","0","0","0","0","0","0","0","0","818","0","0","0","0","0","0"
"101","ctxtA","S76","66.87.3.53","76","T","2016-07-15 22:55:57","mouseout","0_2_1","0_1_2_3","0_0","Tp","26438","2531","6","0.666666666667","9","0","0","0","1","0","0","0","0","0","0","0","0","2531","0","0","0","0","0"
"101","ctxtA","S76","66.87.3.53","76","T","2016-07-15 22:55:57","mouseout","0_2_1","0_1_2_3","0_0","Cf","29480","861","7","0.777777777778","9","1","0","0","0","0","0","0","0","0","861","0","0","0","0","0","0","0","0"
"101","ctxtA","S76","66.87.3.53","76","T","2016-07-15 22:55:57","mouseout","0_2_1","0_1_2_3","0_0","Cp","31427","2911","8","0.888888888889","9","0","0","0","0","0","1","0","0","0","0","0","0","0","0","2911","0","0","0"
"101","ctxtA","S76","66.87.3.53","76","T","2016-07-15 22:55:57","onclick","0_2_1","0_1_2_3","0_0","T","0","0","9","1","9","0","0","0","0","0","0","0","1","0","0","0","0","0","0","0","0","0","0"
"107","ctxtA","S80","77.11.106.37","80","T","2016-07-16 01:29:41","mouseout","0_1_2","0_1_2_3","0_0","Dp","22885","4026","1","0.0555555555556","18","0","0","0","0","1","0","0","0","0","0","0","0","0","4026","0","0","0","0"
"107","ctxtA","S80","77.11.106.37","80","T","2016-07-16 01:29:41","mouseout","0_1_2","0_1_2_3","0_0","Tp","26911","1955","2","0.111111111111","18","0","0","0","1","0","0","0","0","0","0","0","0","1955","0","0","0","0","0"
"107","ctxtA","S80","77.11.106.37","80","T","2016-07-16 01:29:41","mouseout","0_1_2","0_1_2_3","0_0","Dp","28882","996","3","0.166666666667","18","0","0","0","0","1","0","0","0","0","0","0","0","0","996","0","0","0","0"
"107","ctxtA","S80","77.11.106.37","80","T","2016-07-16 01:29:41","mouseout","0_1_2","0_1_2_3","0_0","Tp","29894","753","4","0.222222222222","18","0","0","0","1","0","0","0","0","0","0","0","0","753","0","0","0","0","0"
"107","ctxtA","S80","77.11.106.37","80","T","2016-07-16 01:29:41","mouseout","0_1_2","0_1_2_3","0_0","Cp","30662","891","5","0.277777777778","18","0","0","0","0","0","1","0","0","0","0","0","0","0","0","891","0","0","0"
"107","ctxtA","S80","77.11.106.37","80","T","2016-07-16 01:29:41","mouseout","0_1_2","0_1_2_3","0_0","Tp","31553","213","6","0.333333333333","18","0","0","0","1","0","0","0","0","0","0","0","0","213","0","0","0","0","0"
"107","ctxtA","S80","77.11.106.37","80","T","2016-07-16 01:29:41","mouseout","0_1_2","0_1_2_3","0_0","Dp","31800","1261","7","0.388888888889","18","0","0","0","0","1","0","0","0","0","0","0","0","0","1261","0","0","0","0"
"107","ctxtA","S80","77.11.106.37","80","T","2016-07-16 01:29:41","mouseout","0_1_2","0_1_2_3","0_0","Cp","33264","5105","8","0.444444444444","18","0","0","0","0","0","1","0","0","0","0","0","0","0","0","5105","0","0","0"
"107","ctxtA","S80","77.11.106.37","80","T","2016-07-16 01:29:41","mouseout","0_1_2","0_1_2_3","0_0","Tp","38385","712","9","0.5","18","0","0","0","1","0","0","0","0","0","0","0","0","712","0","0","0","0","0"
"107","ctxtA","S80","77.11.106.37","80","T","2016-07-16 01:29:41","mouseout","0_1_2","0_1_2_3","0_0","Dp","39539","662","10","0.555555555556","18","0","0","0","0","1","0","0","0","0","0","0","0","0","662","0","0","0","0"
"107","ctxtA","S80","77.11.106.37","80","T","2016-07-16 01:29:41","mouseout","0_1_2","0_1_2_3","0_0","Df","40217","4289","11","0.611111111111","18","0","1","0","0","0","0","0","0","0","0","4289","0","0","0","0","0","0","0"
"107","ctxtA","S80","77.11.106.37","80","T","2016-07-16 01:29:41","mouseout","0_1_2","0_1_2_3","0_0","Tf","44506","202","12","0.666666666667","18","0","0","1","0","0","0","0","0","0","0","0","202","0","0","0","0","0","0"
"107","ctxtA","S80","77.11.106.37","80","T","2016-07-16 01:29:41","mouseout","0_1_2","0_1_2_3","0_0","Cf","44708","12370","13","0.722222222222","18","1","0","0","0","0","0","0","0","0","12370","0","0","0","0","0","0","0","0"
"107","ctxtA","S80","77.11.106.37","80","T","2016-07-16 01:29:41","mouseout","0_1_2","0_1_2_3","0_0","Tf","57078","2401","14","0.777777777778","18","0","0","1","0","0","0","0","0","0","0","0","2401","0","0","0","0","0","0"
"107","ctxtA","S80","77.11.106.37","80","T","2016-07-16 01:29:41","mouseout","0_1_2","0_1_2_3","0_0","Tf","60052","3648","15","0.833333333333","18","0","0","1","0","0","0","0","0","0","0","0","3648","0","0","0","0","0","0"
"107","ctxtA","S80","77.11.106.37","80","T","2016-07-16 01:29:41","mouseout","0_1_2","0_1_2_3","0_0","Df","63700","1835","16","0.888888888889","18","0","1","0","0","0","0","0","0","0","0","1835","0","0","0","0","0","0","0"
"107","ctxtA","S80","77.11.106.37","80","T","2016-07-16 01:29:41","mouseout","0_1_2","0_1_2_3","0_0","Tf","65535","692","17","0.944444444444","18","0","0","1","0","0","0","0","0","0","0","0","692","0","0","0","0","0","0"
"107","ctxtA","S80","77.11.106.37","80","T","2016-07-16 01:29:41","onclick","0_1_2","0_1_2_3","0_0","T","66243","2153","18","1","18","0","0","0","0","0","0","0","1","0","0","0","0","0","0","0","0","2153","0"
"115","ctxtA","S82","73.171.122.78","82","T","2016-07-16 02:53:56","mouseout","0_1_2","0_3_1_2","0_0","Cp","50349","8118","1","0.0625","16","0","0","0","0","0","1","0","0","0","0","0","0","0","0","8118","0","0","0"
"115","ctxtA","S82","73.171.122.78","82","T","2016-07-16 02:53:56","mouseout","0_1_2","0_3_1_2","0_0","Cf","58484","4349","2","0.125","16","1","0","0","0","0","0","0","0","0","4349","0","0","0","0","0","0","0","0"
"115","ctxtA","S82","73.171.122.78","82","T","2016-07-16 02:53:56","mouseout","0_1_2","0_3_1_2","0_0","Cp","62833","3112","3","0.1875","16","0","0","0","0","0","1","0","0","0","0","0","0","0","0","3112","0","0","0"
"115","ctxtA","S82","73.171.122.78","82","T","2016-07-16 02:53:56","mouseout","0_1_2","0_3_1_2","0_0","Dp","65945","4779","4","0.25","16","0","0","0","0","1","0","0","0","0","0","0","0","0","4779","0","0","0","0"
"115","ctxtA","S82","73.171.122.78","82","T","2016-07-16 02:53:56","mouseout","0_1_2","0_3_1_2","0_0","Df","70740","10657","5","0.3125","16","0","1","0","0","0","0","0","0","0","0","10657","0","0","0","0","0","0","0"
"115","ctxtA","S82","73.171.122.78","82","T","2016-07-16 02:53:56","mouseout","0_1_2","0_3_1_2","0_0","Dp","81397","252","6","0.375","16","0","0","0","0","1","0","0","0","0","0","0","0","0","252","0","0","0","0"
"115","ctxtA","S82","73.171.122.78","82","T","2016-07-16 02:53:56","mouseout","0_1_2","0_3_1_2","0_0","Tp","81666","2297","7","0.4375","16","0","0","0","1","0","0","0","0","0","0","0","0","2297","0","0","0","0","0"
"115","ctxtA","S82","73.171.122.78","82","T","2016-07-16 02:53:56","mouseout","0_1_2","0_3_1_2","0_0","Tf","83984","6862","8","0.5","16","0","0","1","0","0","0","0","0","0","0","0","6862","0","0","0","0","0","0"
"115","ctxtA","S82","73.171.122.78","82","T","2016-07-16 02:53:56","mouseout","0_1_2","0_3_1_2","0_0","Tp","90863","3042","9","0.5625","16","0","0","0","1","0","0","0","0","0","0","0","0","3042","0","0","0","0","0"
"115","ctxtA","S82","73.171.122.78","82","T","2016-07-16 02:53:56","mouseout","0_1_2","0_3_1_2","0_0","Dp","93956","1496","10","0.625","16","0","0","0","0","1","0","0","0","0","0","0","0","0","1496","0","0","0","0"
"115","ctxtA","S82","73.171.122.78","82","T","2016-07-16 02:53:56","mouseout","0_1_2","0_3_1_2","0_0","Cp","95471","3827","11","0.6875","16","0","0","0","0","0","1","0","0","0","0","0","0","0","0","3827","0","0","0"
"115","ctxtA","S82","73.171.122.78","82","T","2016-07-16 02:53:56","mouseout","0_1_2","0_3_1_2","0_0","Cf","99315","1566","12","0.75","16","1","0","0","0","0","0","0","0","0","1566","0","0","0","0","0","0","0","0"
"115","ctxtA","S82","73.171.122.78","82","T","2016-07-16 02:53:56","mouseout","0_1_2","0_3_1_2","0_0","Tf","100983","300","13","0.8125","16","0","0","1","0","0","0","0","0","0","0","0","300","0","0","0","0","0","0"
"115","ctxtA","S82","73.171.122.78","82","T","2016-07-16 02:53:56","mouseout","0_1_2","0_3_1_2","0_0","T","101699","455","14","0.875","16","0","0","0","0","0","0","0","1","0","0","0","0","0","0","0","0","455","0"
"115","ctxtA","S82","73.171.122.78","82","T","2016-07-16 02:53:56","mouseout","0_1_2","0_3_1_2","0_0","Tf","102154","3621","15","0.9375","16","0","0","1","0","0","0","0","0","0","0","0","3621","0","0","0","0","0","0"
"115","ctxtA","S82","73.171.122.78","82","T","2016-07-16 02:53:56","onclick","0_1_2","0_3_1_2","0_0","T","105906","363","16","1","16","0","0","0","0","0","0","0","1","0","0","0","0","0","0","0","0","363","0"
"119","ctxtA","S84","108.18.236.14","84","T","2016-07-16 03:42:39","mouseout","0_2_1","0_1_2_3","0_0","Df","36602","3810","1","0.037037037037","27","0","1","0","0","0","0","0","0","0","0","3810","0","0","0","0","0","0","0"
"119","ctxtA","S84","108.18.236.14","84","T","2016-07-16 03:42:39","mouseout","0_2_1","0_1_2_3","0_0","Dp","40451","1823","2","0.0740740740741","27","0","0","0","0","1","0","0","0","0","0","0","0","0","1823","0","0","0","0"
"119","ctxtA","S84","108.18.236.14","84","T","2016-07-16 03:42:39","mouseout","0_2_1","0_1_2_3","0_0","Tf","42299","1372","3","0.111111111111","27","0","0","1","0","0","0","0","0","0","0","0","1372","0","0","0","0","0","0"
"119","ctxtA","S84","108.18.236.14","84","T","2016-07-16 03:42:39","mouseout","0_2_1","0_1_2_3","0_0","Tp","43691","981","4","0.148148148148","27","0","0","0","1","0","0","0","0","0","0","0","0","981","0","0","0","0","0"
"119","ctxtA","S84","108.18.236.14","84","T","2016-07-16 03:42:39","mouseout","0_2_1","0_1_2_3","0_0","Dp","44686","479","5","0.185185185185","27","0","0","0","0","1","0","0","0","0","0","0","0","0","479","0","0","0","0"
"119","ctxtA","S84","108.18.236.14","84","T","2016-07-16 03:42:39","mouseout","0_2_1","0_1_2_3","0_0","Tp","45186","736","6","0.222222222222","27","0","0","0","1","0","0","0","0","0","0","0","0","736","0","0","0","0","0"
"119","ctxtA","S84","108.18.236.14","84","T","2016-07-16 03:42:39","mouseout","0_2_1","0_1_2_3","0_0","Dp","46327","469","7","0.259259259259","27","0","0","0","0","1","0","0","0","0","0","0","0","0","469","0","0","0","0"
"119","ctxtA","S84","108.18.236.14","84","T","2016-07-16 03:42:39","mouseout","0_2_1","0_1_2_3","0_0","Tf","46996","2743","8","0.296296296296","27","0","0","1","0","0","0","0","0","0","0","0","2743","0","0","0","0","0","0"
"119","ctxtA","S84","108.18.236.14","84","T","2016-07-16 03:42:39","mouseout","0_2_1","0_1_2_3","0_0","Df","49773","1467","9","0.333333333333","27","0","1","0","0","0","0","0","0","0","0","1467","0","0","0","0","0","0","0"
"119","ctxtA","S84","108.18.236.14","84","T","2016-07-16 03:42:39","mouseout","0_2_1","0_1_2_3","0_0","Tf","51264","305","10","0.37037037037","27","0","0","1","0","0","0","0","0","0","0","0","305","0","0","0","0","0","0"
"119","ctxtA","S84","108.18.236.14","84","T","2016-07-16 03:42:39","mouseout","0_2_1","0_1_2_3","0_0","Cf","51580","1214","11","0.407407407407","27","1","0","0","0","0","0","0","0","0","1214","0","0","0","0","0","0","0","0"
"119","ctxtA","S84","108.18.236.14","84","T","2016-07-16 03:42:39","mouseout","0_2_1","0_1_2_3","0_0","Cp","52798","2061","12","0.444444444444","27","0","0","0","0","0","1","0","0","0","0","0","0","0","0","2061","0","0","0"
"119","ctxtA","S84","108.18.236.14","84","T","2016-07-16 03:42:39","mouseout","0_2_1","0_1_2_3","0_0","Tp","54905","991","13","0.481481481481","27","0","0","0","1","0","0","0","0","0","0","0","0","991","0","0","0","0","0"
"119","ctxtA","S84","108.18.236.14","84","T","2016-07-16 03:42:39","mouseout","0_2_1","0_1_2_3","0_0","Cp","55919","492","14","0.518518518519","27","0","0","0","0","0","1","0","0","0","0","0","0","0","0","492","0","0","0"
"119","ctxtA","S84","108.18.236.14","84","T","2016-07-16 03:42:39","mouseout","0_2_1","0_1_2_3","0_0","Cf","56424","2691","15","0.555555555556","27","1","0","0","0","0","0","0","0","0","2691","0","0","0","0","0","0","0","0"
"119","ctxtA","S84","108.18.236.14","84","T","2016-07-16 03:42:39","mouseout","0_2_1","0_1_2_3","0_0","Tp","59184","487","16","0.592592592593","27","0","0","0","1","0","0","0","0","0","0","0","0","487","0","0","0","0","0"
"119","ctxtA","S84","108.18.236.14","84","T","2016-07-16 03:42:39","mouseout","0_2_1","0_1_2_3","0_0","Tf","59694","646","17","0.62962962963","27","0","0","1","0","0","0","0","0","0","0","0","646","0","0","0","0","0","0"
"119","ctxtA","S84","108.18.236.14","84","T","2016-07-16 03:42:39","mouseout","0_2_1","0_1_2_3","0_0","Tp","60361","676","18","0.666666666667","27","0","0","0","1","0","0","0","0","0","0","0","0","676","0","0","0","0","0"
"119","ctxtA","S84","108.18.236.14","84","T","2016-07-16 03:42:39","mouseout","0_2_1","0_1_2_3","0_0","Cp","61042","430","19","0.703703703704","27","0","0","0","0","0","1","0","0","0","0","0","0","0","0","430","0","0","0"
"119","ctxtA","S84","108.18.236.14","84","T","2016-07-16 03:42:39","mouseout","0_2_1","0_1_2_3","0_0","Dp","61680","441","20","0.740740740741","27","0","0","0","0","1","0","0","0","0","0","0","0","0","441","0","0","0","0"
"119","ctxtA","S84","108.18.236.14","84","T","2016-07-16 03:42:39","mouseout","0_2_1","0_1_2_3","0_0","Df","62151","253","21","0.777777777778","27","0","1","0","0","0","0","0","0","0","0","253","0","0","0","0","0","0","0"
"119","ctxtA","S84","108.18.236.14","84","T","2016-07-16 03:42:39","mouseout","0_2_1","0_1_2_3","0_0","Tp","62632","815","22","0.814814814815","27","0","0","0","1","0","0","0","0","0","0","0","0","815","0","0","0","0","0"
"119","ctxtA","S84","108.18.236.14","84","T","2016-07-16 03:42:39","mouseout","0_2_1","0_1_2_3","0_0","Cp","63466","1835","23","0.851851851852","27","0","0","0","0","0","1","0","0","0","0","0","0","0","0","1835","0","0","0"
"119","ctxtA","S84","108.18.236.14","84","T","2016-07-16 03:42:39","mouseout","0_2_1","0_1_2_3","0_0","Tp","65349","1194","24","0.888888888889","27","0","0","0","1","0","0","0","0","0","0","0","0","1194","0","0","0","0","0"
"119","ctxtA","S84","108.18.236.14","84","T","2016-07-16 03:42:39","mouseout","0_2_1","0_1_2_3","0_0","Cp","66564","1131","25","0.925925925926","27","0","0","0","0","0","1","0","0","0","0","0","0","0","0","1131","0","0","0"
"119","ctxtA","S84","108.18.236.14","84","T","2016-07-16 03:42:39","mouseout","0_2_1","0_1_2_3","0_0","Cf","67710","1640","26","0.962962962963","27","1","0","0","0","0","0","0","0","0","1640","0","0","0","0","0","0","0","0"
"119","ctxtA","S84","108.18.236.14","84","T","2016-07-16 03:42:39","onclick","0_2_1","0_1_2_3","0_0","T","69668","4683","27","1","27","0","0","0","0","0","0","0","1","0","0","0","0","0","0","0","0","4683","0"
