"id","expname","subject","ip","condnum","choice","submitted","event","roword","colord","evttype","boxname","boxin","boxtime","counter","relcount","maxcount","f_o_a2","f_p_a2","f_o_a1","f_p_a1","f_o_b2","f_p_b2","f_p_b1","f_o_b1","f_B","f_A","t_o_a2","t_p_a2","t_o_a1","t_p_a1","t_o_b2","t_p_b2","t_p_b1","t_o_b1","t_B","t_A"
"3","ls1","S30","185.56.227.6","30","B","2016-07-15 18:29:29","mouseout","0_2_1","0_1_2_3_4","0_0","o_a2","19422","1763","1","0.047619047619","21","1","0","0","0","0","0","0","0","0","0","1763","0","0","0","0","0","0","0","0","0"
"3","ls1","S30","185.56.227.6","30","B","2016-07-15 18:29:29","mouseout","0_2_1","0_1_2_3_4","0_0","p_a2","21202","1051","2","0.0952380952381","21","0","1","0","0","0","0","0","0","0","0","0","1051","0","0","0","0","0","0","0","0"
"3","ls1","S30","185.56.227.6","30","B","2016-07-15 18:29:29","mouseout","0_2_1","0_1_2_3_4","0_0","o_a1","22270","1234","3","0.142857142857","21","0","0","1","0","0","0","0","0","0","0","0","0","1234","0","0","0","0","0","0","0"
"3","ls1","S30","185.56.227.6","30","B","2016-07-15 18:29:29","mouseout","0_2_1","0_1_2_3_4","0_0","p_a1","23538","2112","4","0.190476190476","21","0","0","0","1","0","0","0","0","0","0","0","0","0","2112","0","0","0","0","0","0"
"3","ls1","S30","185.56.227.6","30","B","2016-07-15 18:29:29","mouseout","0_2_1","0_1_2_3_4","0_0","p_a2","25650","2417","5","0.238095238095","21","0","1","0","0","0","0","0","0","0","0","0","2417","0","0","0","0","0","0","0","0"
"3","ls1","S30","185.56.227.6","30","B","2016-07-15 18:29:29","mouseout","0_2_1","0_1_2_3_4","0_0","o_a2","28068","1197","6","0.285714285714","21","1","0","0","0","0","0","0","0","0","0","1197","0","0","0","0","0","0","0","0","0"
"3","ls1","S30","185.56.227.6","30","B","2016-07-15 18:29:29","mouseout","0_2_1","0_1_2_3_4","0_0","o_b2","29629","1061","7","0.333333333333","21","0","0","0","0","1","0","0","0","0","0","0","0","0","0","1061","0","0","0","0","0"
"3","ls1","S30","185.56.227.6","30","B","2016-07-15 18:29:29","mouseout","0_2_1","0_1_2_3_4","0_0","o_b2","31435","328","8","0.380952380952","21","0","0","0","0","1","0","0","0","0","0","0","0","0","0","328","0","0","0","0","0"
"3","ls1","S30","185.56.227.6","30","B","2016-07-15 18:29:29","mouseout","0_2_1","0_1_2_3_4","0_0","p_b2","31780","775","9","0.428571428571","21","0","0","0","0","0","1","0","0","0","0","0","0","0","0","0","775","0","0","0","0"
"3","ls1","S30","185.56.227.6","30","B","2016-07-15 18:29:29","mouseout","0_2_1","0_1_2_3_4","0_0","p_b2","32830","540","10","0.47619047619","21","0","0","0","0","0","1","0","0","0","0","0","0","0","0","0","540","0","0","0","0"
"3","ls1","S30","185.56.227.6","30","B","2016-07-15 18:29:29","mouseout","0_2_1","0_1_2_3_4","0_0","o_b1","33389","1245","11","0.52380952381","21","0","0","0","0","0","0","0","1","0","0","0","0","0","0","0","0","0","1245","0","0"
"3","ls1","S30","185.56.227.6","30","B","2016-07-15 18:29:29","mouseout","0_2_1","0_1_2_3_4","0_0","p_b1","34651","2046","12","0.571428571429","21","0","0","0","0","0","0","1","0","0","0","0","0","0","0","0","0","2046","0","0","0"
"3","ls1","S30","185.56.227.6","30","B","2016-07-15 18:29:29","mouseout","0_2_1","0_1_2_3_4","0_0","o_a1","37007","718","13","0.619047619048","21","0","0","1","0","0","0","0","0","0","0","0","0","718","0","0","0","0","0","0","0"
"3","ls1","S30","185.56.227.6","30","B","2016-07-15 18:29:29","mouseout","0_2_1","0_1_2_3_4","0_0","p_a1","37725","1444","14","0.666666666667","21","0","0","0","1","0","0","0","0","0","0","0","0","0","1444","0","0","0","0","0","0"
"3","ls1","S30","185.56.227.6","30","B","2016-07-15 18:29:29","mouseout","0_2_1","0_1_2_3_4","0_0","o_b1","39342","450","15","0.714285714286","21","0","0","0","0","0","0","0","1","0","0","0","0","0","0","0","0","0","450","0","0"
"3","ls1","S30","185.56.227.6","30","B","2016-07-15 18:29:29","mouseout","0_2_1","0_1_2_3_4","0_0","p_b1","39809","1271","16","0.761904761905","21","0","0","0","0","0","0","1","0","0","0","0","0","0","0","0","0","1271","0","0","0"
"3","ls1","S30","185.56.227.6","30","B","2016-07-15 18:29:29","mouseout","0_2_1","0_1_2_3_4","0_0","p_b2","41219","477","17","0.809523809524","21","0","0","0","0","0","1","0","0","0","0","0","0","0","0","0","477","0","0","0","0"
"3","ls1","S30","185.56.227.6","30","B","2016-07-15 18:29:29","mouseout","0_2_1","0_1_2_3_4","0_0","o_b2","41696","583","18","0.857142857143","21","0","0","0","0","1","0","0","0","0","0","0","0","0","0","583","0","0","0","0","0"
"3","ls1","S30","185.56.227.6","30","B","2016-07-15 18:29:29","mouseout","0_2_1","0_1_2_3_4","0_0","o_a2","42383","626","19","0.904761904762","21","1","0","0","0","0","0","0","0","0","0","626","0","0","0","0","0","0","0","0","0"
"3","ls1","S30","185.56.227.6","30","B","2016-07-15 18:29:29","mouseout","0_2_1","0_1_2_3_4","0_0","o_b2","43199","416","20","0.952380952381","21","0","0","0","0","1","0","0","0","0","0","0","0","0","0","416","0","0","0","0","0"
"3","ls1","S30","185.56.227.6","30","B","2016-07-15 18:29:29","onclick","0_2_1","0_1_2_3_4","0_0","B","43685","544","21","1","21","0","0","0","0","0","0","0","0","1","0","0","0","0","0","0","0","0","0","544","0"
"7","ls1","S32","137.56.81.10","32","B","2016-07-15 18:30:48","mouseout","0_1_2","0_1_2_3_4","0_0","o_a1","14560","3642","1","0.047619047619","21","0","0","1","0","0","0","0","0","0","0","0","0","3642","0","0","0","0","0","0","0"
"7","ls1","S32","137.56.81.10","32","B","2016-07-15 18:30:48","mouseout","0_1_2","0_1_2_3_4","0_0","o_a2","18203","607","2","0.0952380952381","21","1","0","0","0","0","0","0","0","0","0","607","0","0","0","0","0","0","0","0","0"
"7","ls1","S32","137.56.81.10","32","B","2016-07-15 18:30:48","mouseout","0_1_2","0_1_2_3_4","0_0","o_a1","18823","1664","3","0.142857142857","21","0","0","1","0","0","0","0","0","0","0","0","0","1664","0","0","0","0","0","0","0"
"7","ls1","S32","137.56.81.10","32","B","2016-07-15 18:30:48","mouseout","0_1_2","0_1_2_3_4","0_0","o_a2","20500","332","4","0.190476190476","21","1","0","0","0","0","0","0","0","0","0","332","0","0","0","0","0","0","0","0","0"
"7","ls1","S32","137.56.81.10","32","B","2016-07-15 18:30:48","mouseout","0_1_2","0_1_2_3_4","0_0","o_a1","20858","634","5","0.238095238095","21","0","0","1","0","0","0","0","0","0","0","0","0","634","0","0","0","0","0","0","0"
"7","ls1","S32","137.56.81.10","32","B","2016-07-15 18:30:48","mouseout","0_1_2","0_1_2_3_4","0_0","o_a2","21505","950","6","0.285714285714","21","1","0","0","0","0","0","0","0","0","0","950","0","0","0","0","0","0","0","0","0"
"7","ls1","S32","137.56.81.10","32","B","2016-07-15 18:30:48","mouseout","0_1_2","0_1_2_3_4","0_0","p_a1","22505","2997","7","0.333333333333","21","0","0","0","1","0","0","0","0","0","0","0","0","0","2997","0","0","0","0","0","0"
"7","ls1","S32","137.56.81.10","32","B","2016-07-15 18:30:48","mouseout","0_1_2","0_1_2_3_4","0_0","p_a2","25566","775","8","0.380952380952","21","0","1","0","0","0","0","0","0","0","0","0","775","0","0","0","0","0","0","0","0"
"7","ls1","S32","137.56.81.10","32","B","2016-07-15 18:30:48","mouseout","0_1_2","0_1_2_3_4","0_0","p_a1","26367","482","9","0.428571428571","21","0","0","0","1","0","0","0","0","0","0","0","0","0","482","0","0","0","0","0","0"
"7","ls1","S32","137.56.81.10","32","B","2016-07-15 18:30:48","mouseout","0_1_2","0_1_2_3_4","0_0","o_b1","27040","1789","10","0.47619047619","21","0","0","0","0","0","0","0","1","0","0","0","0","0","0","0","0","0","1789","0","0"
"7","ls1","S32","137.56.81.10","32","B","2016-07-15 18:30:48","mouseout","0_1_2","0_1_2_3_4","0_0","o_b1","28982","1307","11","0.52380952381","21","0","0","0","0","0","0","0","1","0","0","0","0","0","0","0","0","0","1307","0","0"
"7","ls1","S32","137.56.81.10","32","B","2016-07-15 18:30:48","mouseout","0_1_2","0_1_2_3_4","0_0","o_b2","30315","1411","12","0.571428571429","21","0","0","0","0","1","0","0","0","0","0","0","0","0","0","1411","0","0","0","0","0"
"7","ls1","S32","137.56.81.10","32","B","2016-07-15 18:30:48","mouseout","0_1_2","0_1_2_3_4","0_0","o_b1","31789","966","13","0.619047619048","21","0","0","0","0","0","0","0","1","0","0","0","0","0","0","0","0","0","966","0","0"
"7","ls1","S32","137.56.81.10","32","B","2016-07-15 18:30:48","mouseout","0_1_2","0_1_2_3_4","0_0","o_b2","32869","445","14","0.666666666667","21","0","0","0","0","1","0","0","0","0","0","0","0","0","0","445","0","0","0","0","0"
"7","ls1","S32","137.56.81.10","32","B","2016-07-15 18:30:48","mouseout","0_1_2","0_1_2_3_4","0_0","p_b1","33329","1245","15","0.714285714286","21","0","0","0","0","0","0","1","0","0","0","0","0","0","0","0","0","1245","0","0","0"
"7","ls1","S32","137.56.81.10","32","B","2016-07-15 18:30:48","mouseout","0_1_2","0_1_2_3_4","0_0","p_b2","34587","1320","16","0.761904761905","21","0","0","0","0","0","1","0","0","0","0","0","0","0","0","0","1320","0","0","0","0"
"7","ls1","S32","137.56.81.10","32","B","2016-07-15 18:30:48","mouseout","0_1_2","0_1_2_3_4","0_0","p_b1","35919","648","17","0.809523809524","21","0","0","0","0","0","0","1","0","0","0","0","0","0","0","0","0","648","0","0","0"
"7","ls1","S32","137.56.81.10","32","B","2016-07-15 18:30:48","mouseout","0_1_2","0_1_2_3_4","0_0","p_b2","36582","2316","18","0.857142857143","21","0","0","0","0","0","1","0","0","0","0","0","0","0","0","0","2316","0","0","0","0"
"7","ls1","S32","137.56.81.10","32","B","2016-07-15 18:30:48","mouseout","0_1_2","0_1_2_3_4","0_0","o_b1","38924","381","19","0.904761904762","21","0","0","0","0","0","0","0","1","0","0","0","0","0","0","0","0","0","381","0","0"
"7","ls1","S32","137.56.81.10","32","B","2016-07-15 18:30:48","mouseout","0_1_2","0_1_2_3_4","0_0","o_b2","39318","902","20","0.952380952381","21","0","0","0","0","1","0","0","0","0","0","0","0","0","0","902","0","0","0","0","0"
"7","ls1","S32","137.56.81.10","32","B","2016-07-15 18:30:48","onclick","0_1_2","0_1_2_3_4","0_0","B","40245","419","21","1","21","0","0","0","0","0","0","0","0","1","0","0","0","0","0","0","0","0","0","419","0"
"13","ls1","S40","2.117.49.178","40","A","2016-07-15 18:54:38","mouseout","0_1_2","0_1_2_3_4","0_0","o_a1","8007","538","1","0.047619047619","21","0","0","1","0","0","0","0","0","0","0","0","0","538","0","0","0","0","0","0","0"
"13","ls1","S40","2.117.49.178","40","A","2016-07-15 18:54:38","mouseout","0_1_2","0_1_2_3_4","0_0","o_a2","8563","1060","2","0.0952380952381","21","1","0","0","0","0","0","0","0","0","0","1060","0","0","0","0","0","0","0","0","0"
"13","ls1","S40","2.117.49.178","40","A","2016-07-15 18:54:38","mouseout","0_1_2","0_1_2_3_4","0_0","o_a1","9675","446","3","0.142857142857","21","0","0","1","0","0","0","0","0","0","0","0","0","446","0","0","0","0","0","0","0"
"13","ls1","S40","2.117.49.178","40","A","2016-07-15 18:54:38","mouseout","0_1_2","0_1_2_3_4","0_0","p_a1","10137","376","4","0.190476190476","21","0","0","0","1","0","0","0","0","0","0","0","0","0","376","0","0","0","0","0","0"
"13","ls1","S40","2.117.49.178","40","A","2016-07-15 18:54:38","mouseout","0_1_2","0_1_2_3_4","0_0","p_a2","10531","468","5","0.238095238095","21","0","1","0","0","0","0","0","0","0","0","0","468","0","0","0","0","0","0","0","0"
"13","ls1","S40","2.117.49.178","40","A","2016-07-15 18:54:38","mouseout","0_1_2","0_1_2_3_4","0_0","p_a1","11034","340","6","0.285714285714","21","0","0","0","1","0","0","0","0","0","0","0","0","0","340","0","0","0","0","0","0"
"13","ls1","S40","2.117.49.178","40","A","2016-07-15 18:54:38","mouseout","0_1_2","0_1_2_3_4","0_0","p_a2","11391","619","7","0.333333333333","21","0","1","0","0","0","0","0","0","0","0","0","619","0","0","0","0","0","0","0","0"
"13","ls1","S40","2.117.49.178","40","A","2016-07-15 18:54:38","mouseout","0_1_2","0_1_2_3_4","0_0","p_a1","12028","367","8","0.380952380952","21","0","0","0","1","0","0","0","0","0","0","0","0","0","367","0","0","0","0","0","0"
"13","ls1","S40","2.117.49.178","40","A","2016-07-15 18:54:38","mouseout","0_1_2","0_1_2_3_4","0_0","p_a2","12414","582","9","0.428571428571","21","0","1","0","0","0","0","0","0","0","0","0","582","0","0","0","0","0","0","0","0"
"13","ls1","S40","2.117.49.178","40","A","2016-07-15 18:54:38","mouseout","0_1_2","0_1_2_3_4","0_0","p_a1","12996","609","10","0.47619047619","21","0","0","0","1","0","0","0","0","0","0","0","0","0","609","0","0","0","0","0","0"
"13","ls1","S40","2.117.49.178","40","A","2016-07-15 18:54:38","mouseout","0_1_2","0_1_2_3_4","0_0","p_a2","13605","532","11","0.52380952381","21","0","1","0","0","0","0","0","0","0","0","0","532","0","0","0","0","0","0","0","0"
"13","ls1","S40","2.117.49.178","40","A","2016-07-15 18:54:38","mouseout","0_1_2","0_1_2_3_4","0_0","o_a2","14137","437","12","0.571428571429","21","1","0","0","0","0","0","0","0","0","0","437","0","0","0","0","0","0","0","0","0"
"13","ls1","S40","2.117.49.178","40","A","2016-07-15 18:54:38","mouseout","0_1_2","0_1_2_3_4","0_0","p_a2","14574","398","13","0.619047619048","21","0","1","0","0","0","0","0","0","0","0","0","398","0","0","0","0","0","0","0","0"
"13","ls1","S40","2.117.49.178","40","A","2016-07-15 18:54:38","mouseout","0_1_2","0_1_2_3_4","0_0","o_b2","15160","705","14","0.666666666667","21","0","0","0","0","1","0","0","0","0","0","0","0","0","0","705","0","0","0","0","0"
"13","ls1","S40","2.117.49.178","40","A","2016-07-15 18:54:38","mouseout","0_1_2","0_1_2_3_4","0_0","p_b2","15881","455","15","0.714285714286","21","0","0","0","0","0","1","0","0","0","0","0","0","0","0","0","455","0","0","0","0"
"13","ls1","S40","2.117.49.178","40","A","2016-07-15 18:54:38","mouseout","0_1_2","0_1_2_3_4","0_0","o_b2","16336","272","16","0.761904761905","21","0","0","0","0","1","0","0","0","0","0","0","0","0","0","272","0","0","0","0","0"
"13","ls1","S40","2.117.49.178","40","A","2016-07-15 18:54:38","mouseout","0_1_2","0_1_2_3_4","0_0","p_b2","16624","492","17","0.809523809524","21","0","0","0","0","0","1","0","0","0","0","0","0","0","0","0","492","0","0","0","0"
"13","ls1","S40","2.117.49.178","40","A","2016-07-15 18:54:38","mouseout","0_1_2","0_1_2_3_4","0_0","p_b1","17150","382","18","0.857142857143","21","0","0","0","0","0","0","1","0","0","0","0","0","0","0","0","0","382","0","0","0"
"13","ls1","S40","2.117.49.178","40","A","2016-07-15 18:54:38","mouseout","0_1_2","0_1_2_3_4","0_0","o_b1","17549","519","19","0.904761904762","21","0","0","0","0","0","0","0","1","0","0","0","0","0","0","0","0","0","519","0","0"
"13","ls1","S40","2.117.49.178","40","A","2016-07-15 18:54:38","mouseout","0_1_2","0_1_2_3_4","0_0","p_a1","18138","326","20","0.952380952381","21","0","0","0","1","0","0","0","0","0","0","0","0","0","326","0","0","0","0","0","0"
"13","ls1","S40","2.117.49.178","40","A","2016-07-15 18:54:38","onclick","0_1_2","0_1_2_3_4","0_0","A","18654","487","21","1","21","0","0","0","0","0","0","0","0","0","1","0","0","0","0","0","0","0","0","0","487"
"18","ls1","S44","181.14.120.155","44","A","2016-07-15 19:09:47","mouseout","0_1_2","0_1_2_3_4","0_0","o_a1","34595","945","1","0.0555555555556","18","0","0","1","0","0","0","0","0","0","0","0","0","945","0","0","0","0","0","0","0"
"18","ls1","S44","181.14.120.155","44","A","2016-07-15 19:09:47","mouseout","0_1_2","0_1_2_3_4","0_0","o_a2","35558","3609","2","0.111111111111","18","1","0","0","0","0","0","0","0","0","0","3609","0","0","0","0","0","0","0","0","0"
"18","ls1","S44","181.14.120.155","44","A","2016-07-15 19:09:47","mouseout","0_1_2","0_1_2_3_4","0_0","p_a1","39253","660","3","0.166666666667","18","0","0","0","1","0","0","0","0","0","0","0","0","0","660","0","0","0","0","0","0"
"18","ls1","S44","181.14.120.155","44","A","2016-07-15 19:09:47","mouseout","0_1_2","0_1_2_3_4","0_0","p_a2","39947","6515","4","0.222222222222","18","0","1","0","0","0","0","0","0","0","0","0","6515","0","0","0","0","0","0","0","0"
"18","ls1","S44","181.14.120.155","44","A","2016-07-15 19:09:47","mouseout","0_1_2","0_1_2_3_4","0_0","o_b1","46666","1665","5","0.277777777778","18","0","0","0","0","0","0","0","1","0","0","0","0","0","0","0","0","0","1665","0","0"
"18","ls1","S44","181.14.120.155","44","A","2016-07-15 19:09:47","mouseout","0_1_2","0_1_2_3_4","0_0","o_b2","48348","2187","6","0.333333333333","18","0","0","0","0","1","0","0","0","0","0","0","0","0","0","2187","0","0","0","0","0"
"18","ls1","S44","181.14.120.155","44","A","2016-07-15 19:09:47","mouseout","0_1_2","0_1_2_3_4","0_0","p_b1","50604","699","7","0.388888888889","18","0","0","0","0","0","0","1","0","0","0","0","0","0","0","0","0","699","0","0","0"
"18","ls1","S44","181.14.120.155","44","A","2016-07-15 19:09:47","mouseout","0_1_2","0_1_2_3_4","0_0","p_b2","51319","959","8","0.444444444444","18","0","0","0","0","0","1","0","0","0","0","0","0","0","0","0","959","0","0","0","0"
"18","ls1","S44","181.14.120.155","44","A","2016-07-15 19:09:47","mouseout","0_1_2","0_1_2_3_4","0_0","o_b2","52295","977","9","0.5","18","0","0","0","0","1","0","0","0","0","0","0","0","0","0","977","0","0","0","0","0"
"18","ls1","S44","181.14.120.155","44","A","2016-07-15 19:09:47","mouseout","0_1_2","0_1_2_3_4","0_0","o_b1","53325","4926","10","0.555555555556","18","0","0","0","0","0","0","0","1","0","0","0","0","0","0","0","0","0","4926","0","0"
"18","ls1","S44","181.14.120.155","44","A","2016-07-15 19:09:47","mouseout","0_1_2","0_1_2_3_4","0_0","o_b2","58285","585","11","0.611111111111","18","0","0","0","0","1","0","0","0","0","0","0","0","0","0","585","0","0","0","0","0"
"18","ls1","S44","181.14.120.155","44","A","2016-07-15 19:09:47","mouseout","0_1_2","0_1_2_3_4","0_0","p_a2","58904","225","12","0.666666666667","18","0","1","0","0","0","0","0","0","0","0","0","225","0","0","0","0","0","0","0","0"
"18","ls1","S44","181.14.120.155","44","A","2016-07-15 19:09:47","mouseout","0_1_2","0_1_2_3_4","0_0","o_a2","59163","1324","13","0.722222222222","18","1","0","0","0","0","0","0","0","0","0","1324","0","0","0","0","0","0","0","0","0"
"18","ls1","S44","181.14.120.155","44","A","2016-07-15 19:09:47","mouseout","0_1_2","0_1_2_3_4","0_0","o_b2","60920","2039","14","0.777777777778","18","0","0","0","0","1","0","0","0","0","0","0","0","0","0","2039","0","0","0","0","0"
"18","ls1","S44","181.14.120.155","44","A","2016-07-15 19:09:47","mouseout","0_1_2","0_1_2_3_4","0_0","A","63060","1927","15","0.833333333333","18","0","0","0","0","0","0","0","0","0","1","0","0","0","0","0","0","0","0","0","1927"
"18","ls1","S44","181.14.120.155","44","A","2016-07-15 19:09:47","mouseout","0_1_2","0_1_2_3_4","0_0","p_a1","65158","785","16","0.888888888889","18","0","0","0","1","0","0","0","0","0","0","0","0","0","785","0","0","0","0","0","0"
"18","ls1","S44","181.14.120.155","44","A","2016-07-15 19:09:47","mouseout","0_1_2","0_1_2_3_4","0_0","o_a2","66010","240","17","0.944444444444","18","1","0","0","0","0","0","0","0","0","0","240","0","0","0","0","0","0","0","0","0"
"18","ls1","S44","181.14.120.155","44","A","2016-07-15 19:09:47","onclick","0_1_2","0_1_2_3_4","0_0","A","66268","1308","18","1","18","0","0","0","0","0","0","0","0","0","1","0","0","0","0","0","0","0","0","0","1308"
"23","ls1","S50","166.137.12.97","50","B","2016-07-15 20:12:38","mouseout","0_2_1","0_1_2_3_4","0_0","o_a2","24252","1779","1","0.05","20","1","0","0","0","0","0","0","0","0","0","1779","0","0","0","0","0","0","0","0","0"
"23","ls1","S50","166.137.12.97","50","B","2016-07-15 20:12:38","mouseout","0_2_1","0_1_2_3_4","0_0","p_a2","26033","1424","2","0.1","20","0","1","0","0","0","0","0","0","0","0","0","1424","0","0","0","0","0","0","0","0"
"23","ls1","S50","166.137.12.97","50","B","2016-07-15 20:12:38","mouseout","0_2_1","0_1_2_3_4","0_0","o_a1","27459","1260","3","0.15","20","0","0","1","0","0","0","0","0","0","0","0","0","1260","0","0","0","0","0","0","0"
"23","ls1","S50","166.137.12.97","50","B","2016-07-15 20:12:38","mouseout","0_2_1","0_1_2_3_4","0_0","p_a1","28721","2183","4","0.2","20","0","0","0","1","0","0","0","0","0","0","0","0","0","2183","0","0","0","0","0","0"
"23","ls1","S50","166.137.12.97","50","B","2016-07-15 20:12:38","mouseout","0_2_1","0_1_2_3_4","0_0","o_b2","30905","1955","5","0.25","20","0","0","0","0","1","0","0","0","0","0","0","0","0","0","1955","0","0","0","0","0"
"23","ls1","S50","166.137.12.97","50","B","2016-07-15 20:12:38","mouseout","0_2_1","0_1_2_3_4","0_0","p_b2","32862","2389","6","0.3","20","0","0","0","0","0","1","0","0","0","0","0","0","0","0","0","2389","0","0","0","0"
"23","ls1","S50","166.137.12.97","50","B","2016-07-15 20:12:38","mouseout","0_2_1","0_1_2_3_4","0_0","o_b2","35253","1148","7","0.35","20","0","0","0","0","1","0","0","0","0","0","0","0","0","0","1148","0","0","0","0","0"
"23","ls1","S50","166.137.12.97","50","B","2016-07-15 20:12:38","mouseout","0_2_1","0_1_2_3_4","0_0","p_b2","36402","1162","8","0.4","20","0","0","0","0","0","1","0","0","0","0","0","0","0","0","0","1162","0","0","0","0"
"23","ls1","S50","166.137.12.97","50","B","2016-07-15 20:12:38","mouseout","0_2_1","0_1_2_3_4","0_0","o_b1","37566","1473","9","0.45","20","0","0","0","0","0","0","0","1","0","0","0","0","0","0","0","0","0","1473","0","0"
"23","ls1","S50","166.137.12.97","50","B","2016-07-15 20:12:38","mouseout","0_2_1","0_1_2_3_4","0_0","p_b1","39041","2841","10","0.5","20","0","0","0","0","0","0","1","0","0","0","0","0","0","0","0","0","2841","0","0","0"
"23","ls1","S50","166.137.12.97","50","B","2016-07-15 20:12:38","mouseout","0_2_1","0_1_2_3_4","0_0","o_a2","41883","5269","11","0.55","20","1","0","0","0","0","0","0","0","0","0","5269","0","0","0","0","0","0","0","0","0"
"23","ls1","S50","166.137.12.97","50","B","2016-07-15 20:12:38","mouseout","0_2_1","0_1_2_3_4","0_0","p_a2","47153","3044","12","0.6","20","0","1","0","0","0","0","0","0","0","0","0","3044","0","0","0","0","0","0","0","0"
"23","ls1","S50","166.137.12.97","50","B","2016-07-15 20:12:38","mouseout","0_2_1","0_1_2_3_4","0_0","o_b2","50198","755","13","0.65","20","0","0","0","0","1","0","0","0","0","0","0","0","0","0","755","0","0","0","0","0"
"23","ls1","S50","166.137.12.97","50","B","2016-07-15 20:12:38","mouseout","0_2_1","0_1_2_3_4","0_0","p_b2","50953","4651","14","0.7","20","0","0","0","0","0","1","0","0","0","0","0","0","0","0","0","4651","0","0","0","0"
"23","ls1","S50","166.137.12.97","50","B","2016-07-15 20:12:38","mouseout","0_2_1","0_1_2_3_4","0_0","o_b2","55605","1186","15","0.75","20","0","0","0","0","1","0","0","0","0","0","0","0","0","0","1186","0","0","0","0","0"
"23","ls1","S50","166.137.12.97","50","B","2016-07-15 20:12:38","mouseout","0_2_1","0_1_2_3_4","0_0","o_b1","56792","905","16","0.8","20","0","0","0","0","0","0","0","1","0","0","0","0","0","0","0","0","0","905","0","0"
"23","ls1","S50","166.137.12.97","50","B","2016-07-15 20:12:38","mouseout","0_2_1","0_1_2_3_4","0_0","p_b1","57698","8365","17","0.85","20","0","0","0","0","0","0","1","0","0","0","0","0","0","0","0","0","8365","0","0","0"
"23","ls1","S50","166.137.12.97","50","B","2016-07-15 20:12:38","mouseout","0_2_1","0_1_2_3_4","0_0","o_a1","66064","1423","18","0.9","20","0","0","1","0","0","0","0","0","0","0","0","0","1423","0","0","0","0","0","0","0"
"23","ls1","S50","166.137.12.97","50","B","2016-07-15 20:12:38","mouseout","0_2_1","0_1_2_3_4","0_0","o_b1","67488","1041","19","0.95","20","0","0","0","0","0","0","0","1","0","0","0","0","0","0","0","0","0","1041","0","0"
"23","ls1","S50","166.137.12.97","50","B","2016-07-15 20:12:38","onclick","0_2_1","0_1_2_3_4","0_0","B","68532","12","20","1","20","0","0","0","0","0","0","0","0","1","0","0","0","0","0","0","0","0","0","12","0"
"33","ls1","S54","129.49.100.21","54","B","2016-07-15 20:29:32","mouseout","0_2_1","0_1_2_3_4","0_0","p_a2","14177","419","1","0.0333333333333","30","0","1","0","0","0","0","0","0","0","0","0","419","0","0","0","0","0","0","0","0"
"33","ls1","S54","129.49.100.21","54","B","2016-07-15 20:29:32","mouseout","0_2_1","0_1_2_3_4","0_0","o_a2","16157","813","2","0.0666666666667","30","1","0","0","0","0","0","0","0","0","0","813","0","0","0","0","0","0","0","0","0"
"33","ls1","S54","129.49.100.21","54","B","2016-07-15 20:29:32","mouseout","0_2_1","0_1_2_3_4","0_0","p_a2","16987","3263","3","0.1","30","0","1","0","0","0","0","0","0","0","0","0","3263","0","0","0","0","0","0","0","0"
"33","ls1","S54","129.49.100.21","54","B","2016-07-15 20:29:32","mouseout","0_2_1","0_1_2_3_4","0_0","o_a2","20283","853","4","0.133333333333","30","1","0","0","0","0","0","0","0","0","0","853","0","0","0","0","0","0","0","0","0"
"33","ls1","S54","129.49.100.21","54","B","2016-07-15 20:29:32","mouseout","0_2_1","0_1_2_3_4","0_0","o_b2","24813","531","5","0.166666666667","30","0","0","0","0","1","0","0","0","0","0","0","0","0","0","531","0","0","0","0","0"
"33","ls1","S54","129.49.100.21","54","B","2016-07-15 20:29:32","mouseout","0_2_1","0_1_2_3_4","0_0","p_b2","25567","272","6","0.2","30","0","0","0","0","0","1","0","0","0","0","0","0","0","0","0","272","0","0","0","0"
"33","ls1","S54","129.49.100.21","54","B","2016-07-15 20:29:32","mouseout","0_2_1","0_1_2_3_4","0_0","o_a1","29121","1086","7","0.233333333333","30","0","0","1","0","0","0","0","0","0","0","0","0","1086","0","0","0","0","0","0","0"
"33","ls1","S54","129.49.100.21","54","B","2016-07-15 20:29:32","mouseout","0_2_1","0_1_2_3_4","0_0","o_b1","30629","568","8","0.266666666667","30","0","0","0","0","0","0","0","1","0","0","0","0","0","0","0","0","0","568","0","0"
"33","ls1","S54","129.49.100.21","54","B","2016-07-15 20:29:32","mouseout","0_2_1","0_1_2_3_4","0_0","p_b1","31197","399","9","0.3","30","0","0","0","0","0","0","1","0","0","0","0","0","0","0","0","0","399","0","0","0"
"33","ls1","S54","129.49.100.21","54","B","2016-07-15 20:29:32","mouseout","0_2_1","0_1_2_3_4","0_0","p_a2","31698","266","10","0.333333333333","30","0","1","0","0","0","0","0","0","0","0","0","266","0","0","0","0","0","0","0","0"
"33","ls1","S54","129.49.100.21","54","B","2016-07-15 20:29:32","mouseout","0_2_1","0_1_2_3_4","0_0","p_a1","31999","206","11","0.366666666667","30","0","0","0","1","0","0","0","0","0","0","0","0","0","206","0","0","0","0","0","0"
"33","ls1","S54","129.49.100.21","54","B","2016-07-15 20:29:32","mouseout","0_2_1","0_1_2_3_4","0_0","o_a1","32223","366","12","0.4","30","0","0","1","0","0","0","0","0","0","0","0","0","366","0","0","0","0","0","0","0"
"33","ls1","S54","129.49.100.21","54","B","2016-07-15 20:29:32","mouseout","0_2_1","0_1_2_3_4","0_0","o_b1","32879","1260","13","0.433333333333","30","0","0","0","0","0","0","0","1","0","0","0","0","0","0","0","0","0","1260","0","0"
"33","ls1","S54","129.49.100.21","54","B","2016-07-15 20:29:32","mouseout","0_2_1","0_1_2_3_4","0_0","p_a1","34226","307","14","0.466666666667","30","0","0","0","1","0","0","0","0","0","0","0","0","0","307","0","0","0","0","0","0"
"33","ls1","S54","129.49.100.21","54","B","2016-07-15 20:29:32","mouseout","0_2_1","0_1_2_3_4","0_0","o_b1","34603","1294","15","0.5","30","0","0","0","0","0","0","0","1","0","0","0","0","0","0","0","0","0","1294","0","0"
"33","ls1","S54","129.49.100.21","54","B","2016-07-15 20:29:32","onclick","0_2_1","0_1_2_3_4","0_0","B","35948","679","16","0.533333333333","30","0","0","0","0","0","0","0","0","1","0","0","0","0","0","0","0","0","0","679","0"
"33","ls1","S54","129.49.100.21","54","B","2016-07-15 20:29:32","mouseout","0_2_1","0_1_2_3_4","0_0","o_b2","37879","670","17","0.566666666667","30","0","0","0","0","1","0","0","0","0","0","0","0","0","0","670","0","0","0","0","0"
"33","ls1","S54","129.49.100.21","54","B","2016-07-15 20:29:32","mouseout","0_2_1","0_1_2_3_4","0_0","p_b2","38566","1929","18","0.6","30","0","0","0","0","0","1","0","0","0","0","0","0","0","0","0","1929","0","0","0","0"
"33","ls1","S54","129.49.100.21","54","B","2016-07-15 20:29:32","mouseout","0_2_1","0_1_2_3_4","0_0","p_b1","40513","1187","19","0.633333333333","30","0","0","0","0","0","0","1","0","0","0","0","0","0","0","0","0","1187","0","0","0"
"33","ls1","S54","129.49.100.21","54","B","2016-07-15 20:29:32","mouseout","0_2_1","0_1_2_3_4","0_0","p_b1","42496","302","20","0.666666666667","30","0","0","0","0","0","0","1","0","0","0","0","0","0","0","0","0","302","0","0","0"
"33","ls1","S54","129.49.100.21","54","B","2016-07-15 20:29:32","mouseout","0_2_1","0_1_2_3_4","0_0","p_b1","44042","719","21","0.7","30","0","0","0","0","0","0","1","0","0","0","0","0","0","0","0","0","719","0","0","0"
"33","ls1","S54","129.49.100.21","54","B","2016-07-15 20:29:32","mouseout","0_2_1","0_1_2_3_4","0_0","p_b2","44779","2560","22","0.733333333333","30","0","0","0","0","0","1","0","0","0","0","0","0","0","0","0","2560","0","0","0","0"
"33","ls1","S54","129.49.100.21","54","B","2016-07-15 20:29:32","mouseout","0_2_1","0_1_2_3_4","0_0","p_b1","47356","659","23","0.766666666667","30","0","0","0","0","0","0","1","0","0","0","0","0","0","0","0","0","659","0","0","0"
"33","ls1","S54","129.49.100.21","54","B","2016-07-15 20:29:32","mouseout","0_2_1","0_1_2_3_4","0_0","p_b2","48015","701","24","0.8","30","0","0","0","0","0","1","0","0","0","0","0","0","0","0","0","701","0","0","0","0"
"33","ls1","S54","129.49.100.21","54","B","2016-07-15 20:29:32","mouseout","0_2_1","0_1_2_3_4","0_0","p_b1","48716","958","25","0.833333333333","30","0","0","0","0","0","0","1","0","0","0","0","0","0","0","0","0","958","0","0","0"
"33","ls1","S54","129.49.100.21","54","B","2016-07-15 20:29:32","mouseout","0_2_1","0_1_2_3_4","0_0","p_b2","49725","770","26","0.866666666667","30","0","0","0","0","0","1","0","0","0","0","0","0","0","0","0","770","0","0","0","0"
"33","ls1","S54","129.49.100.21","54","B","2016-07-15 20:29:32","mouseout","0_2_1","0_1_2_3_4","0_0","p_a2","50546","1468","27","0.9","30","0","1","0","0","0","0","0","0","0","0","0","1468","0","0","0","0","0","0","0","0"
"33","ls1","S54","129.49.100.21","54","B","2016-07-15 20:29:32","mouseout","0_2_1","0_1_2_3_4","0_0","p_a1","52031","488","28","0.933333333333","30","0","0","0","1","0","0","0","0","0","0","0","0","0","488","0","0","0","0","0","0"
"33","ls1","S54","129.49.100.21","54","B","2016-07-15 20:29:32","mouseout","0_2_1","0_1_2_3_4","0_0","p_a1","52847","879","29","0.966666666667","30","0","0","0","1","0","0","0","0","0","0","0","0","0","879","0","0","0","0","0","0"
"33","ls1","S54","129.49.100.21","54","B","2016-07-15 20:29:32","onclick","0_2_1","0_1_2_3_4","0_0","B","54413","1009","30","1","30","0","0","0","0","0","0","0","0","1","0","0","0","0","0","0","0","0","0","1009","0"
"39","ls1","S56","128.174.222.251","56","A","2016-07-15 20:37:07","mouseout","0_1_2","0_1_2_3_4","0_0","o_a1","35292","3487","1","0.0526315789474","19","0","0","1","0","0","0","0","0","0","0","0","0","3487","0","0","0","0","0","0","0"
"39","ls1","S56","128.174.222.251","56","A","2016-07-15 20:37:07","mouseout","0_1_2","0_1_2_3_4","0_0","o_a1","40827","1704","2","0.105263157895","19","0","0","1","0","0","0","0","0","0","0","0","0","1704","0","0","0","0","0","0","0"
"39","ls1","S56","128.174.222.251","56","A","2016-07-15 20:37:07","mouseout","0_1_2","0_1_2_3_4","0_0","o_a2","42531","1000","3","0.157894736842","19","1","0","0","0","0","0","0","0","0","0","1000","0","0","0","0","0","0","0","0","0"
"39","ls1","S56","128.174.222.251","56","A","2016-07-15 20:37:07","mouseout","0_1_2","0_1_2_3_4","0_0","o_a1","43532","671","4","0.210526315789","19","0","0","1","0","0","0","0","0","0","0","0","0","671","0","0","0","0","0","0","0"
"39","ls1","S56","128.174.222.251","56","A","2016-07-15 20:37:07","mouseout","0_1_2","0_1_2_3_4","0_0","o_a2","44204","1232","5","0.263157894737","19","1","0","0","0","0","0","0","0","0","0","1232","0","0","0","0","0","0","0","0","0"
"39","ls1","S56","128.174.222.251","56","A","2016-07-15 20:37:07","mouseout","0_1_2","0_1_2_3_4","0_0","o_a1","45436","239","6","0.315789473684","19","0","0","1","0","0","0","0","0","0","0","0","0","239","0","0","0","0","0","0","0"
"39","ls1","S56","128.174.222.251","56","A","2016-07-15 20:37:07","mouseout","0_1_2","0_1_2_3_4","0_0","p_a1","46011","1360","7","0.368421052632","19","0","0","0","1","0","0","0","0","0","0","0","0","0","1360","0","0","0","0","0","0"
"39","ls1","S56","128.174.222.251","56","A","2016-07-15 20:37:07","mouseout","0_1_2","0_1_2_3_4","0_0","p_a2","47371","1032","8","0.421052631579","19","0","1","0","0","0","0","0","0","0","0","0","1032","0","0","0","0","0","0","0","0"
"39","ls1","S56","128.174.222.251","56","A","2016-07-15 20:37:07","mouseout","0_1_2","0_1_2_3_4","0_0","p_a1","48403","328","9","0.473684210526","19","0","0","0","1","0","0","0","0","0","0","0","0","0","328","0","0","0","0","0","0"
"39","ls1","S56","128.174.222.251","56","A","2016-07-15 20:37:07","mouseout","0_1_2","0_1_2_3_4","0_0","o_a2","48731","456","10","0.526315789474","19","1","0","0","0","0","0","0","0","0","0","456","0","0","0","0","0","0","0","0","0"
"39","ls1","S56","128.174.222.251","56","A","2016-07-15 20:37:07","mouseout","0_1_2","0_1_2_3_4","0_0","o_a1","49187","496","11","0.578947368421","19","0","0","1","0","0","0","0","0","0","0","0","0","496","0","0","0","0","0","0","0"
"39","ls1","S56","128.174.222.251","56","A","2016-07-15 20:37:07","mouseout","0_1_2","0_1_2_3_4","0_0","o_b1","50123","808","12","0.631578947368","19","0","0","0","0","0","0","0","1","0","0","0","0","0","0","0","0","0","808","0","0"
"39","ls1","S56","128.174.222.251","56","A","2016-07-15 20:37:07","mouseout","0_1_2","0_1_2_3_4","0_0","o_b2","50931","624","13","0.684210526316","19","0","0","0","0","1","0","0","0","0","0","0","0","0","0","624","0","0","0","0","0"
"39","ls1","S56","128.174.222.251","56","A","2016-07-15 20:37:07","mouseout","0_1_2","0_1_2_3_4","0_0","o_b1","51555","368","14","0.736842105263","19","0","0","0","0","0","0","0","1","0","0","0","0","0","0","0","0","0","368","0","0"
"39","ls1","S56","128.174.222.251","56","A","2016-07-15 20:37:07","mouseout","0_1_2","0_1_2_3_4","0_0","p_b1","52275","840","15","0.789473684211","19","0","0","0","0","0","0","1","0","0","0","0","0","0","0","0","0","840","0","0","0"
"39","ls1","S56","128.174.222.251","56","A","2016-07-15 20:37:07","mouseout","0_1_2","0_1_2_3_4","0_0","p_b2","53115","664","16","0.842105263158","19","0","0","0","0","0","1","0","0","0","0","0","0","0","0","0","664","0","0","0","0"
"39","ls1","S56","128.174.222.251","56","A","2016-07-15 20:37:07","mouseout","0_1_2","0_1_2_3_4","0_0","o_b2","53875","488","17","0.894736842105","19","0","0","0","0","1","0","0","0","0","0","0","0","0","0","488","0","0","0","0","0"
"39","ls1","S56","128.174.222.251","56","A","2016-07-15 20:37:07","mouseout","0_1_2","0_1_2_3_4","0_0","o_b1","54363","376","18","0.947368421053","19","0","0","0","0","0","0","0","1","0","0","0","0","0","0","0","0","0","376","0","0"
"39","ls1","S56","128.174.222.251","56","A","2016-07-15 20:37:07","onclick","0_1_2","0_1_2_3_4","0_0","A","55179","216","19","1","19","0","0","0","0","0","0","0","0","0","1","0","0","0","0","0","0","0","0","0","216"
"50","ls1","S60","132.235.144.119","60","B","2016-07-15 20:57:02","mouseout","0_1_2","0_1_2_3_4","0_0","p_a1","11829","380","1","0.04","25","0","0","0","1","0","0","0","0","0","0","0","0","0","380","0","0","0","0","0","0"
"50","ls1","S60","132.235.144.119","60","B","2016-07-15 20:57:02","mouseout","0_1_2","0_1_2_3_4","0_0","p_a1","12419","918","2","0.08","25","0","0","0","1","0","0","0","0","0","0","0","0","0","918","0","0","0","0","0","0"
"50","ls1","S60","132.235.144.119","60","B","2016-07-15 20:57:02","mouseout","0_1_2","0_1_2_3_4","0_0","p_a2","13337","1027","3","0.12","25","0","1","0","0","0","0","0","0","0","0","0","1027","0","0","0","0","0","0","0","0"
"50","ls1","S60","132.235.144.119","60","B","2016-07-15 20:57:02","mouseout","0_1_2","0_1_2_3_4","0_0","p_a1","14364","224","4","0.16","25","0","0","0","1","0","0","0","0","0","0","0","0","0","224","0","0","0","0","0","0"
"50","ls1","S60","132.235.144.119","60","B","2016-07-15 20:57:02","mouseout","0_1_2","0_1_2_3_4","0_0","o_b1","15365","1065","5","0.2","25","0","0","0","0","0","0","0","1","0","0","0","0","0","0","0","0","0","1065","0","0"
"50","ls1","S60","132.235.144.119","60","B","2016-07-15 20:57:02","mouseout","0_1_2","0_1_2_3_4","0_0","p_b1","16857","3522","6","0.24","25","0","0","0","0","0","0","1","0","0","0","0","0","0","0","0","0","3522","0","0","0"
"50","ls1","S60","132.235.144.119","60","B","2016-07-15 20:57:02","mouseout","0_1_2","0_1_2_3_4","0_0","p_b2","20379","1462","7","0.28","25","0","0","0","0","0","1","0","0","0","0","0","0","0","0","0","1462","0","0","0","0"
"50","ls1","S60","132.235.144.119","60","B","2016-07-15 20:57:02","mouseout","0_1_2","0_1_2_3_4","0_0","p_b1","21856","10188","8","0.32","25","0","0","0","0","0","0","1","0","0","0","0","0","0","0","0","0","10188","0","0","0"
"50","ls1","S60","132.235.144.119","60","B","2016-07-15 20:57:02","mouseout","0_1_2","0_1_2_3_4","0_0","p_a1","32591","775","9","0.36","25","0","0","0","1","0","0","0","0","0","0","0","0","0","775","0","0","0","0","0","0"
"50","ls1","S60","132.235.144.119","60","B","2016-07-15 20:57:02","mouseout","0_1_2","0_1_2_3_4","0_0","p_a1","33587","261","10","0.4","25","0","0","0","1","0","0","0","0","0","0","0","0","0","261","0","0","0","0","0","0"
"50","ls1","S60","132.235.144.119","60","B","2016-07-15 20:57:02","mouseout","0_1_2","0_1_2_3_4","0_0","o_a1","33848","1311","11","0.44","25","0","0","1","0","0","0","0","0","0","0","0","0","1311","0","0","0","0","0","0","0"
"50","ls1","S60","132.235.144.119","60","B","2016-07-15 20:57:02","mouseout","0_1_2","0_1_2_3_4","0_0","o_a2","35175","726","12","0.48","25","1","0","0","0","0","0","0","0","0","0","726","0","0","0","0","0","0","0","0","0"
"50","ls1","S60","132.235.144.119","60","B","2016-07-15 20:57:02","mouseout","0_1_2","0_1_2_3_4","0_0","p_a1","36293","2128","13","0.52","25","0","0","0","1","0","0","0","0","0","0","0","0","0","2128","0","0","0","0","0","0"
"50","ls1","S60","132.235.144.119","60","B","2016-07-15 20:57:02","mouseout","0_1_2","0_1_2_3_4","0_0","o_a1","38670","1496","14","0.56","25","0","0","1","0","0","0","0","0","0","0","0","0","1496","0","0","0","0","0","0","0"
"50","ls1","S60","132.235.144.119","60","B","2016-07-15 20:57:02","mouseout","0_1_2","0_1_2_3_4","0_0","o_b1","40403","2293","15","0.6","25","0","0","0","0","0","0","0","1","0","0","0","0","0","0","0","0","0","2293","0","0"
"50","ls1","S60","132.235.144.119","60","B","2016-07-15 20:57:02","mouseout","0_1_2","0_1_2_3_4","0_0","p_b1","42696","211","16","0.64","25","0","0","0","0","0","0","1","0","0","0","0","0","0","0","0","0","211","0","0","0"
"50","ls1","S60","132.235.144.119","60","B","2016-07-15 20:57:02","mouseout","0_1_2","0_1_2_3_4","0_0","o_b1","42923","311","17","0.68","25","0","0","0","0","0","0","0","1","0","0","0","0","0","0","0","0","0","311","0","0"
"50","ls1","S60","132.235.144.119","60","B","2016-07-15 20:57:02","mouseout","0_1_2","0_1_2_3_4","0_0","p_b1","43249","1052","18","0.72","25","0","0","0","0","0","0","1","0","0","0","0","0","0","0","0","0","1052","0","0","0"
"50","ls1","S60","132.235.144.119","60","B","2016-07-15 20:57:02","mouseout","0_1_2","0_1_2_3_4","0_0","p_a1","44497","289","19","0.76","25","0","0","0","1","0","0","0","0","0","0","0","0","0","289","0","0","0","0","0","0"
"50","ls1","S60","132.235.144.119","60","B","2016-07-15 20:57:02","mouseout","0_1_2","0_1_2_3_4","0_0","o_a1","44802","534","20","0.8","25","0","0","1","0","0","0","0","0","0","0","0","0","534","0","0","0","0","0","0","0"
"50","ls1","S60","132.235.144.119","60","B","2016-07-15 20:57:02","mouseout","0_1_2","0_1_2_3_4","0_0","o_b1","45657","1186","21","0.84","25","0","0","0","0","0","0","0","1","0","0","0","0","0","0","0","0","0","1186","0","0"
"50","ls1","S60","132.235.144.119","60","B","2016-07-15 20:57:02","mouseout","0_1_2","0_1_2_3_4","0_0","p_b1","46843","546","22","0.88","25","0","0","0","0","0","0","1","0","0","0","0","0","0","0","0","0","546","0","0","0"
"50","ls1","S60","132.235.144.119","60","B","2016-07-15 20:57:02","mouseout","0_1_2","0_1_2_3_4","0_0","o_b1","47405","3532","23","0.92","25","0","0","0","0","0","0","0","1","0","0","0","0","0","0","0","0","0","3532","0","0"
"50","ls1","S60","132.235.144.119","60","B","2016-07-15 20:57:02","mouseout","0_1_2","0_1_2_3_4","0_0","o_b2","50953","406","24","0.96","25","0","0","0","0","1","0","0","0","0","0","0","0","0","0","406","0","0","0","0","0"
"50","ls1","S60","132.235.144.119","60","B","2016-07-15 20:57:02","onclick","0_1_2","0_1_2_3_4","0_0","B","51404","290","25","1","25","0","0","0","0","0","0","0","0","1","0","0","0","0","0","0","0","0","0","290","0"
"62","ls1","S66","64.247.70.48","66","A","2016-07-15 21:56:01","mouseout","0_2_1","0_1_2_3_4","0_0","o_a2","11710","714","1","0.0243902439024","41","1","0","0","0","0","0","0","0","0","0","714","0","0","0","0","0","0","0","0","0"
"62","ls1","S66","64.247.70.48","66","A","2016-07-15 21:56:01","mouseout","0_2_1","0_1_2_3_4","0_0","o_a1","12424","611","2","0.0487804878049","41","0","0","1","0","0","0","0","0","0","0","0","0","611","0","0","0","0","0","0","0"
"62","ls1","S66","64.247.70.48","66","A","2016-07-15 21:56:01","mouseout","0_2_1","0_1_2_3_4","0_0","o_a2","13052","1496","3","0.0731707317073","41","1","0","0","0","0","0","0","0","0","0","1496","0","0","0","0","0","0","0","0","0"
"62","ls1","S66","64.247.70.48","66","A","2016-07-15 21:56:01","mouseout","0_2_1","0_1_2_3_4","0_0","o_a1","14565","1139","4","0.0975609756098","41","0","0","1","0","0","0","0","0","0","0","0","0","1139","0","0","0","0","0","0","0"
"62","ls1","S66","64.247.70.48","66","A","2016-07-15 21:56:01","mouseout","0_2_1","0_1_2_3_4","0_0","p_a2","15721","1232","5","0.121951219512","41","0","1","0","0","0","0","0","0","0","0","0","1232","0","0","0","0","0","0","0","0"
"62","ls1","S66","64.247.70.48","66","A","2016-07-15 21:56:01","mouseout","0_2_1","0_1_2_3_4","0_0","p_a1","16970","1050","6","0.146341463415","41","0","0","0","1","0","0","0","0","0","0","0","0","0","1050","0","0","0","0","0","0"
"62","ls1","S66","64.247.70.48","66","A","2016-07-15 21:56:01","mouseout","0_2_1","0_1_2_3_4","0_0","p_a2","18037","533","7","0.170731707317","41","0","1","0","0","0","0","0","0","0","0","0","533","0","0","0","0","0","0","0","0"
"62","ls1","S66","64.247.70.48","66","A","2016-07-15 21:56:01","mouseout","0_2_1","0_1_2_3_4","0_0","p_a1","18570","1409","8","0.19512195122","41","0","0","0","1","0","0","0","0","0","0","0","0","0","1409","0","0","0","0","0","0"
"62","ls1","S66","64.247.70.48","66","A","2016-07-15 21:56:01","mouseout","0_2_1","0_1_2_3_4","0_0","o_b2","20353","435","9","0.219512195122","41","0","0","0","0","1","0","0","0","0","0","0","0","0","0","435","0","0","0","0","0"
"62","ls1","S66","64.247.70.48","66","A","2016-07-15 21:56:01","mouseout","0_2_1","0_1_2_3_4","0_0","o_b1","20788","637","10","0.243902439024","41","0","0","0","0","0","0","0","1","0","0","0","0","0","0","0","0","0","637","0","0"
"62","ls1","S66","64.247.70.48","66","A","2016-07-15 21:56:01","mouseout","0_2_1","0_1_2_3_4","0_0","o_b2","21425","286","11","0.268292682927","41","0","0","0","0","1","0","0","0","0","0","0","0","0","0","286","0","0","0","0","0"
"62","ls1","S66","64.247.70.48","66","A","2016-07-15 21:56:01","mouseout","0_2_1","0_1_2_3_4","0_0","p_b1","21779","603","12","0.292682926829","41","0","0","0","0","0","0","1","0","0","0","0","0","0","0","0","0","603","0","0","0"
"62","ls1","S66","64.247.70.48","66","A","2016-07-15 21:56:01","mouseout","0_2_1","0_1_2_3_4","0_0","o_b1","22399","343","13","0.317073170732","41","0","0","0","0","0","0","0","1","0","0","0","0","0","0","0","0","0","343","0","0"
"62","ls1","S66","64.247.70.48","66","A","2016-07-15 21:56:01","mouseout","0_2_1","0_1_2_3_4","0_0","p_b1","22760","403","14","0.341463414634","41","0","0","0","0","0","0","1","0","0","0","0","0","0","0","0","0","403","0","0","0"
"62","ls1","S66","64.247.70.48","66","A","2016-07-15 21:56:01","mouseout","0_2_1","0_1_2_3_4","0_0","o_b1","23180","342","15","0.365853658537","41","0","0","0","0","0","0","0","1","0","0","0","0","0","0","0","0","0","342","0","0"
"62","ls1","S66","64.247.70.48","66","A","2016-07-15 21:56:01","mouseout","0_2_1","0_1_2_3_4","0_0","p_b1","23539","686","16","0.390243902439","41","0","0","0","0","0","0","1","0","0","0","0","0","0","0","0","0","686","0","0","0"
"62","ls1","S66","64.247.70.48","66","A","2016-07-15 21:56:01","mouseout","0_2_1","0_1_2_3_4","0_0","o_b1","24225","378","17","0.414634146341","41","0","0","0","0","0","0","0","1","0","0","0","0","0","0","0","0","0","378","0","0"
"62","ls1","S66","64.247.70.48","66","A","2016-07-15 21:56:01","mouseout","0_2_1","0_1_2_3_4","0_0","p_b1","24603","475","18","0.439024390244","41","0","0","0","0","0","0","1","0","0","0","0","0","0","0","0","0","475","0","0","0"
"62","ls1","S66","64.247.70.48","66","A","2016-07-15 21:56:01","mouseout","0_2_1","0_1_2_3_4","0_0","o_b1","25078","473","19","0.463414634146","41","0","0","0","0","0","0","0","1","0","0","0","0","0","0","0","0","0","473","0","0"
"62","ls1","S66","64.247.70.48","66","A","2016-07-15 21:56:01","mouseout","0_2_1","0_1_2_3_4","0_0","p_b1","25568","480","20","0.487804878049","41","0","0","0","0","0","0","1","0","0","0","0","0","0","0","0","0","480","0","0","0"
"62","ls1","S66","64.247.70.48","66","A","2016-07-15 21:56:01","mouseout","0_2_1","0_1_2_3_4","0_0","o_b1","26065","343","21","0.512195121951","41","0","0","0","0","0","0","0","1","0","0","0","0","0","0","0","0","0","343","0","0"
"62","ls1","S66","64.247.70.48","66","A","2016-07-15 21:56:01","mouseout","0_2_1","0_1_2_3_4","0_0","p_b1","26425","294","22","0.536585365854","41","0","0","0","0","0","0","1","0","0","0","0","0","0","0","0","0","294","0","0","0"
"62","ls1","S66","64.247.70.48","66","A","2016-07-15 21:56:01","mouseout","0_2_1","0_1_2_3_4","0_0","o_b2","26737","334","23","0.560975609756","41","0","0","0","0","1","0","0","0","0","0","0","0","0","0","334","0","0","0","0","0"
"62","ls1","S66","64.247.70.48","66","A","2016-07-15 21:56:01","mouseout","0_2_1","0_1_2_3_4","0_0","p_b2","27089","470","24","0.585365853659","41","0","0","0","0","0","1","0","0","0","0","0","0","0","0","0","470","0","0","0","0"
"62","ls1","S66","64.247.70.48","66","A","2016-07-15 21:56:01","mouseout","0_2_1","0_1_2_3_4","0_0","o_b2","27559","348","25","0.609756097561","41","0","0","0","0","1","0","0","0","0","0","0","0","0","0","348","0","0","0","0","0"
"62","ls1","S66","64.247.70.48","66","A","2016-07-15 21:56:01","mouseout","0_2_1","0_1_2_3_4","0_0","p_b2","27924","839","26","0.634146341463","41","0","0","0","0","0","1","0","0","0","0","0","0","0","0","0","839","0","0","0","0"
"62","ls1","S66","64.247.70.48","66","A","2016-07-15 21:56:01","mouseout","0_2_1","0_1_2_3_4","0_0","o_b2","28780","922","27","0.658536585366","41","0","0","0","0","1","0","0","0","0","0","0","0","0","0","922","0","0","0","0","0"
"62","ls1","S66","64.247.70.48","66","A","2016-07-15 21:56:01","mouseout","0_2_1","0_1_2_3_4","0_0","p_b2","29719","462","28","0.682926829268","41","0","0","0","0","0","1","0","0","0","0","0","0","0","0","0","462","0","0","0","0"
"62","ls1","S66","64.247.70.48","66","A","2016-07-15 21:56:01","mouseout","0_2_1","0_1_2_3_4","0_0","o_b1","30198","494","29","0.707317073171","41","0","0","0","0","0","0","0","1","0","0","0","0","0","0","0","0","0","494","0","0"
"62","ls1","S66","64.247.70.48","66","A","2016-07-15 21:56:01","mouseout","0_2_1","0_1_2_3_4","0_0","p_b1","30692","876","30","0.731707317073","41","0","0","0","0","0","0","1","0","0","0","0","0","0","0","0","0","876","0","0","0"
"62","ls1","S66","64.247.70.48","66","A","2016-07-15 21:56:01","mouseout","0_2_1","0_1_2_3_4","0_0","o_b1","31586","823","31","0.756097560976","41","0","0","0","0","0","0","0","1","0","0","0","0","0","0","0","0","0","823","0","0"
"62","ls1","S66","64.247.70.48","66","A","2016-07-15 21:56:01","mouseout","0_2_1","0_1_2_3_4","0_0","p_b1","32409","1460","32","0.780487804878","41","0","0","0","0","0","0","1","0","0","0","0","0","0","0","0","0","1460","0","0","0"
"62","ls1","S66","64.247.70.48","66","A","2016-07-15 21:56:01","mouseout","0_2_1","0_1_2_3_4","0_0","o_b1","33903","349","33","0.80487804878","41","0","0","0","0","0","0","0","1","0","0","0","0","0","0","0","0","0","349","0","0"
"62","ls1","S66","64.247.70.48","66","A","2016-07-15 21:56:01","mouseout","0_2_1","0_1_2_3_4","0_0","o_a1","34372","394","34","0.829268292683","41","0","0","1","0","0","0","0","0","0","0","0","0","394","0","0","0","0","0","0","0"
"62","ls1","S66","64.247.70.48","66","A","2016-07-15 21:56:01","mouseout","0_2_1","0_1_2_3_4","0_0","p_a1","34784","425","35","0.853658536585","41","0","0","0","1","0","0","0","0","0","0","0","0","0","425","0","0","0","0","0","0"
"62","ls1","S66","64.247.70.48","66","A","2016-07-15 21:56:01","mouseout","0_2_1","0_1_2_3_4","0_0","o_a2","35261","322","36","0.878048780488","41","1","0","0","0","0","0","0","0","0","0","322","0","0","0","0","0","0","0","0","0"
"62","ls1","S66","64.247.70.48","66","A","2016-07-15 21:56:01","mouseout","0_2_1","0_1_2_3_4","0_0","p_a2","35583","517","37","0.90243902439","41","0","1","0","0","0","0","0","0","0","0","0","517","0","0","0","0","0","0","0","0"
"62","ls1","S66","64.247.70.48","66","A","2016-07-15 21:56:01","mouseout","0_2_1","0_1_2_3_4","0_0","A","36450","215","38","0.926829268293","41","0","0","0","0","0","0","0","0","0","1","0","0","0","0","0","0","0","0","0","215"
"62","ls1","S66","64.247.70.48","66","A","2016-07-15 21:56:01","mouseout","0_2_1","0_1_2_3_4","0_0","o_a1","36835","223","39","0.951219512195","41","0","0","1","0","0","0","0","0","0","0","0","0","223","0","0","0","0","0","0","0"
"62","ls1","S66","64.247.70.48","66","A","2016-07-15 21:56:01","mouseout","0_2_1","0_1_2_3_4","0_0","p_a1","37076","364","40","0.975609756098","41","0","0","0","1","0","0","0","0","0","0","0","0","0","364","0","0","0","0","0","0"
"62","ls1","S66","64.247.70.48","66","A","2016-07-15 21:56:01","onclick","0_2_1","0_1_2_3_4","0_0","A","37696","405","41","1","41","0","0","0","0","0","0","0","0","0","1","0","0","0","0","0","0","0","0","0","405"
"71","ls1","S68","94.246.170.66","68","B","2016-07-15 22:23:03","mouseout","0_1_2","0_1_2_3_4","0_0","o_a1","57741","791","1","0.0322580645161","31","0","0","1","0","0","0","0","0","0","0","0","0","791","0","0","0","0","0","0","0"
"71","ls1","S68","94.246.170.66","68","B","2016-07-15 22:23:03","mouseout","0_1_2","0_1_2_3_4","0_0","o_a2","76970","250","2","0.0645161290323","31","1","0","0","0","0","0","0","0","0","0","250","0","0","0","0","0","0","0","0","0"
"71","ls1","S68","94.246.170.66","68","B","2016-07-15 22:23:03","mouseout","0_1_2","0_1_2_3_4","0_0","A","77603","319","3","0.0967741935484","31","0","0","0","0","0","0","0","0","0","1","0","0","0","0","0","0","0","0","0","319"
"71","ls1","S68","94.246.170.66","68","B","2016-07-15 22:23:03","mouseout","0_1_2","0_1_2_3_4","0_0","p_a2","77999","616","4","0.129032258065","31","0","1","0","0","0","0","0","0","0","0","0","616","0","0","0","0","0","0","0","0"
"71","ls1","S68","94.246.170.66","68","B","2016-07-15 22:23:03","mouseout","0_1_2","0_1_2_3_4","0_0","o_a2","78631","926","5","0.161290322581","31","1","0","0","0","0","0","0","0","0","0","926","0","0","0","0","0","0","0","0","0"
"71","ls1","S68","94.246.170.66","68","B","2016-07-15 22:23:03","mouseout","0_1_2","0_1_2_3_4","0_0","o_a1","79600","597","6","0.193548387097","31","0","0","1","0","0","0","0","0","0","0","0","0","597","0","0","0","0","0","0","0"
"71","ls1","S68","94.246.170.66","68","B","2016-07-15 22:23:03","mouseout","0_1_2","0_1_2_3_4","0_0","p_a1","80212","711","7","0.225806451613","31","0","0","0","1","0","0","0","0","0","0","0","0","0","711","0","0","0","0","0","0"
"71","ls1","S68","94.246.170.66","68","B","2016-07-15 22:23:03","mouseout","0_1_2","0_1_2_3_4","0_0","p_a2","80923","357","8","0.258064516129","31","0","1","0","0","0","0","0","0","0","0","0","357","0","0","0","0","0","0","0","0"
"71","ls1","S68","94.246.170.66","68","B","2016-07-15 22:23:03","mouseout","0_1_2","0_1_2_3_4","0_0","o_a2","81296","523","9","0.290322580645","31","1","0","0","0","0","0","0","0","0","0","523","0","0","0","0","0","0","0","0","0"
"71","ls1","S68","94.246.170.66","68","B","2016-07-15 22:23:03","mouseout","0_1_2","0_1_2_3_4","0_0","o_b1","82400","533","10","0.322580645161","31","0","0","0","0","0","0","0","1","0","0","0","0","0","0","0","0","0","533","0","0"
"71","ls1","S68","94.246.170.66","68","B","2016-07-15 22:23:03","mouseout","0_1_2","0_1_2_3_4","0_0","o_b2","82948","425","11","0.354838709677","31","0","0","0","0","1","0","0","0","0","0","0","0","0","0","425","0","0","0","0","0"
"71","ls1","S68","94.246.170.66","68","B","2016-07-15 22:23:03","mouseout","0_1_2","0_1_2_3_4","0_0","p_b2","83389","356","12","0.387096774194","31","0","0","0","0","0","1","0","0","0","0","0","0","0","0","0","356","0","0","0","0"
"71","ls1","S68","94.246.170.66","68","B","2016-07-15 22:23:03","mouseout","0_1_2","0_1_2_3_4","0_0","o_a1","84483","1469","13","0.41935483871","31","0","0","1","0","0","0","0","0","0","0","0","0","1469","0","0","0","0","0","0","0"
"71","ls1","S68","94.246.170.66","68","B","2016-07-15 22:23:03","mouseout","0_1_2","0_1_2_3_4","0_0","o_a1","90746","558","14","0.451612903226","31","0","0","1","0","0","0","0","0","0","0","0","0","558","0","0","0","0","0","0","0"
"71","ls1","S68","94.246.170.66","68","B","2016-07-15 22:23:03","mouseout","0_1_2","0_1_2_3_4","0_0","p_a1","91319","3414","15","0.483870967742","31","0","0","0","1","0","0","0","0","0","0","0","0","0","3414","0","0","0","0","0","0"
"71","ls1","S68","94.246.170.66","68","B","2016-07-15 22:23:03","mouseout","0_1_2","0_1_2_3_4","0_0","o_a2","94877","754","16","0.516129032258","31","1","0","0","0","0","0","0","0","0","0","754","0","0","0","0","0","0","0","0","0"
"71","ls1","S68","94.246.170.66","68","B","2016-07-15 22:23:03","mouseout","0_1_2","0_1_2_3_4","0_0","p_a2","95647","406","17","0.548387096774","31","0","1","0","0","0","0","0","0","0","0","0","406","0","0","0","0","0","0","0","0"
"71","ls1","S68","94.246.170.66","68","B","2016-07-15 22:23:03","mouseout","0_1_2","0_1_2_3_4","0_0","p_a1","96053","308","18","0.58064516129","31","0","0","0","1","0","0","0","0","0","0","0","0","0","308","0","0","0","0","0","0"
"71","ls1","S68","94.246.170.66","68","B","2016-07-15 22:23:03","mouseout","0_1_2","0_1_2_3_4","0_0","p_a2","96376","941","19","0.612903225806","31","0","1","0","0","0","0","0","0","0","0","0","941","0","0","0","0","0","0","0","0"
"71","ls1","S68","94.246.170.66","68","B","2016-07-15 22:23:03","mouseout","0_1_2","0_1_2_3_4","0_0","o_b1","97361","798","20","0.645161290323","31","0","0","0","0","0","0","0","1","0","0","0","0","0","0","0","0","0","798","0","0"
"71","ls1","S68","94.246.170.66","68","B","2016-07-15 22:23:03","mouseout","0_1_2","0_1_2_3_4","0_0","p_b1","98159","613","21","0.677419354839","31","0","0","0","0","0","0","1","0","0","0","0","0","0","0","0","0","613","0","0","0"
"71","ls1","S68","94.246.170.66","68","B","2016-07-15 22:23:03","mouseout","0_1_2","0_1_2_3_4","0_0","o_b2","98985","1229","22","0.709677419355","31","0","0","0","0","1","0","0","0","0","0","0","0","0","0","1229","0","0","0","0","0"
"71","ls1","S68","94.246.170.66","68","B","2016-07-15 22:23:03","mouseout","0_1_2","0_1_2_3_4","0_0","p_b2","100230","1155","23","0.741935483871","31","0","0","0","0","0","1","0","0","0","0","0","0","0","0","0","1155","0","0","0","0"
"71","ls1","S68","94.246.170.66","68","B","2016-07-15 22:23:03","mouseout","0_1_2","0_1_2_3_4","0_0","o_b2","101385","230","24","0.774193548387","31","0","0","0","0","1","0","0","0","0","0","0","0","0","0","230","0","0","0","0","0"
"71","ls1","S68","94.246.170.66","68","B","2016-07-15 22:23:03","mouseout","0_1_2","0_1_2_3_4","0_0","B","101660","342","25","0.806451612903","31","0","0","0","0","0","0","0","0","1","0","0","0","0","0","0","0","0","0","342","0"
"71","ls1","S68","94.246.170.66","68","B","2016-07-15 22:23:03","mouseout","0_1_2","0_1_2_3_4","0_0","o_b1","102057","750","26","0.838709677419","31","0","0","0","0","0","0","0","1","0","0","0","0","0","0","0","0","0","750","0","0"
"71","ls1","S68","94.246.170.66","68","B","2016-07-15 22:23:03","mouseout","0_1_2","0_1_2_3_4","0_0","p_b1","102823","474","27","0.870967741935","31","0","0","0","0","0","0","1","0","0","0","0","0","0","0","0","0","474","0","0","0"
"71","ls1","S68","94.246.170.66","68","B","2016-07-15 22:23:03","mouseout","0_1_2","0_1_2_3_4","0_0","p_b2","103297","263","28","0.903225806452","31","0","0","0","0","0","1","0","0","0","0","0","0","0","0","0","263","0","0","0","0"
"71","ls1","S68","94.246.170.66","68","B","2016-07-15 22:23:03","mouseout","0_1_2","0_1_2_3_4","0_0","o_b2","103560","454","29","0.935483870968","31","0","0","0","0","1","0","0","0","0","0","0","0","0","0","454","0","0","0","0","0"
"71","ls1","S68","94.246.170.66","68","B","2016-07-15 22:23:03","onclick","0_1_2","0_1_2_3_4","0_0","B","104091","412","30","0.967741935484","31","0","0","0","0","0","0","0","0","1","0","0","0","0","0","0","0","0","0","412","0"
"71","ls1","S68","94.246.170.66","68","B","2016-07-15 22:23:03","mouseout","0_1_2","0_1_2_3_4","0_0","o_b2","106406","364","31","1","31","0","0","0","0","1","0","0","0","0","0","0","0","0","0","364","0","0","0","0","0"
"78","ls1","S70","173.69.255.111","70","A","2016-07-15 22:35:37","mouseout","0_2_1","0_1_2_3_4","0_0","o_a2","12721","957","1","0.0625","16","1","0","0","0","0","0","0","0","0","0","957","0","0","0","0","0","0","0","0","0"
"78","ls1","S70","173.69.255.111","70","A","2016-07-15 22:35:37","mouseout","0_2_1","0_1_2_3_4","0_0","p_a2","13697","1321","2","0.125","16","0","1","0","0","0","0","0","0","0","0","0","1321","0","0","0","0","0","0","0","0"
"78","ls1","S70","173.69.255.111","70","A","2016-07-15 22:35:37","mouseout","0_2_1","0_1_2_3_4","0_0","o_a1","15112","927","3","0.1875","16","0","0","1","0","0","0","0","0","0","0","0","0","927","0","0","0","0","0","0","0"
"78","ls1","S70","173.69.255.111","70","A","2016-07-15 22:35:37","mouseout","0_2_1","0_1_2_3_4","0_0","p_a1","16039","7446","4","0.25","16","0","0","0","1","0","0","0","0","0","0","0","0","0","7446","0","0","0","0","0","0"
"78","ls1","S70","173.69.255.111","70","A","2016-07-15 22:35:37","mouseout","0_2_1","0_1_2_3_4","0_0","o_b2","23822","895","5","0.3125","16","0","0","0","0","1","0","0","0","0","0","0","0","0","0","895","0","0","0","0","0"
"78","ls1","S70","173.69.255.111","70","A","2016-07-15 22:35:37","mouseout","0_2_1","0_1_2_3_4","0_0","p_b2","24717","982","6","0.375","16","0","0","0","0","0","1","0","0","0","0","0","0","0","0","0","982","0","0","0","0"
"78","ls1","S70","173.69.255.111","70","A","2016-07-15 22:35:37","mouseout","0_2_1","0_1_2_3_4","0_0","o_b1","25840","731","7","0.4375","16","0","0","0","0","0","0","0","1","0","0","0","0","0","0","0","0","0","731","0","0"
"78","ls1","S70","173.69.255.111","70","A","2016-07-15 22:35:37","mouseout","0_2_1","0_1_2_3_4","0_0","p_b1","26647","1283","8","0.5","16","0","0","0","0","0","0","1","0","0","0","0","0","0","0","0","0","1283","0","0","0"
"78","ls1","S70","173.69.255.111","70","A","2016-07-15 22:35:37","onclick","0_2_1","0_1_2_3_4","0_0","A","28334","1700","9","0.5625","16","0","0","0","0","0","0","0","0","0","1","0","0","0","0","0","0","0","0","0","1700"
"78","ls1","S70","173.69.255.111","70","A","2016-07-15 22:35:37","mouseout","0_2_1","0_1_2_3_4","0_0","A","33752","431","10","0.625","16","0","0","0","0","0","0","0","0","0","1","0","0","0","0","0","0","0","0","0","431"
"78","ls1","S70","173.69.255.111","70","A","2016-07-15 22:35:37","mouseout","0_2_1","0_1_2_3_4","0_0","o_a1","34200","859","11","0.6875","16","0","0","1","0","0","0","0","0","0","0","0","0","859","0","0","0","0","0","0","0"
"78","ls1","S70","173.69.255.111","70","A","2016-07-15 22:35:37","mouseout","0_2_1","0_1_2_3_4","0_0","p_a1","35087","898","12","0.75","16","0","0","0","1","0","0","0","0","0","0","0","0","0","898","0","0","0","0","0","0"
"78","ls1","S70","173.69.255.111","70","A","2016-07-15 22:35:37","mouseout","0_2_1","0_1_2_3_4","0_0","o_a2","35985","469","13","0.8125","16","1","0","0","0","0","0","0","0","0","0","469","0","0","0","0","0","0","0","0","0"
"78","ls1","S70","173.69.255.111","70","A","2016-07-15 22:35:37","mouseout","0_2_1","0_1_2_3_4","0_0","p_a2","36454","280","14","0.875","16","0","1","0","0","0","0","0","0","0","0","0","280","0","0","0","0","0","0","0","0"
"78","ls1","S70","173.69.255.111","70","A","2016-07-15 22:35:37","mouseout","0_2_1","0_1_2_3_4","0_0","o_b1","36774","496","15","0.9375","16","0","0","0","0","0","0","0","1","0","0","0","0","0","0","0","0","0","496","0","0"
"78","ls1","S70","173.69.255.111","70","A","2016-07-15 22:35:37","mouseout","0_2_1","0_1_2_3_4","0_0","p_b1","37291","872","16","1","16","0","0","0","0","0","0","1","0","0","0","0","0","0","0","0","0","872","0","0","0"
"87","ls1","S72","200.113.201.134","72","","2016-07-15 22:41:59","mouseout","0_1_2","0_1_2_3_4","0_0","o_a1","24620","3481","1","0.125","8","0","0","1","0","0","0","0","0","0","0","0","0","3481","0","0","0","0","0","0","0"
"87","ls1","S72","200.113.201.134","72","","2016-07-15 22:41:59","mouseout","0_1_2","0_1_2_3_4","0_0","o_a2","28102","2328","2","0.25","8","1","0","0","0","0","0","0","0","0","0","2328","0","0","0","0","0","0","0","0","0"
"87","ls1","S72","200.113.201.134","72","","2016-07-15 22:41:59","mouseout","0_1_2","0_1_2_3_4","0_0","p_a1","30431","3292","3","0.375","8","0","0","0","1","0","0","0","0","0","0","0","0","0","3292","0","0","0","0","0","0"
"87","ls1","S72","200.113.201.134","72","","2016-07-15 22:41:59","mouseout","0_1_2","0_1_2_3_4","0_0","p_a2","33723","3557","4","0.5","8","0","1","0","0","0","0","0","0","0","0","0","3557","0","0","0","0","0","0","0","0"
"87","ls1","S72","200.113.201.134","72","","2016-07-15 22:41:59","mouseout","0_1_2","0_1_2_3_4","0_0","o_b1","37281","3833","5","0.625","8","0","0","0","0","0","0","0","1","0","0","0","0","0","0","0","0","0","3833","0","0"
"87","ls1","S72","200.113.201.134","72","","2016-07-15 22:41:59","mouseout","0_1_2","0_1_2_3_4","0_0","o_b2","41115","5542","6","0.75","8","0","0","0","0","1","0","0","0","0","0","0","0","0","0","5542","0","0","0","0","0"
"87","ls1","S72","200.113.201.134","72","","2016-07-15 22:41:59","mouseout","0_1_2","0_1_2_3_4","0_0","p_b1","46658","3321","7","0.875","8","0","0","0","0","0","0","1","0","0","0","0","0","0","0","0","0","3321","0","0","0"
"87","ls1","S72","200.113.201.134","72","","2016-07-15 22:41:59","mouseout","0_1_2","0_1_2_3_4","0_0","p_b2","49980","3346","8","1","8","0","0","0","0","0","1","0","0","0","0","0","0","0","0","0","3346","0","0","0","0"
"93","ls1","S74","77.251.245.190","74","A","2016-07-15 22:49:53","mouseout","0_2_1","0_1_2_3_4","0_0","o_a2","17829","1498","1","0.0555555555556","18","1","0","0","0","0","0","0","0","0","0","1498","0","0","0","0","0","0","0","0","0"
"93","ls1","S74","77.251.245.190","74","A","2016-07-15 22:49:53","mouseout","0_2_1","0_1_2_3_4","0_0","p_a2","19362","19603","2","0.111111111111","18","0","1","0","0","0","0","0","0","0","0","0","19603","0","0","0","0","0","0","0","0"
"93","ls1","S74","77.251.245.190","74","A","2016-07-15 22:49:53","mouseout","0_2_1","0_1_2_3_4","0_0","o_a2","38995","1440","3","0.166666666667","18","1","0","0","0","0","0","0","0","0","0","1440","0","0","0","0","0","0","0","0","0"
"93","ls1","S74","77.251.245.190","74","A","2016-07-15 22:49:53","mouseout","0_2_1","0_1_2_3_4","0_0","o_a1","40498","1736","4","0.222222222222","18","0","0","1","0","0","0","0","0","0","0","0","0","1736","0","0","0","0","0","0","0"
"93","ls1","S74","77.251.245.190","74","A","2016-07-15 22:49:53","mouseout","0_2_1","0_1_2_3_4","0_0","p_a1","42294","2350","5","0.277777777778","18","0","0","0","1","0","0","0","0","0","0","0","0","0","2350","0","0","0","0","0","0"
"93","ls1","S74","77.251.245.190","74","A","2016-07-15 22:49:53","mouseout","0_2_1","0_1_2_3_4","0_0","o_a1","44666","1929","6","0.333333333333","18","0","0","1","0","0","0","0","0","0","0","0","0","1929","0","0","0","0","0","0","0"
"93","ls1","S74","77.251.245.190","74","A","2016-07-15 22:49:53","mouseout","0_2_1","0_1_2_3_4","0_0","o_a2","46600","663","7","0.388888888889","18","1","0","0","0","0","0","0","0","0","0","663","0","0","0","0","0","0","0","0","0"
"93","ls1","S74","77.251.245.190","74","A","2016-07-15 22:49:53","mouseout","0_2_1","0_1_2_3_4","0_0","o_a1","47383","326","8","0.444444444444","18","0","0","1","0","0","0","0","0","0","0","0","0","326","0","0","0","0","0","0","0"
"93","ls1","S74","77.251.245.190","74","A","2016-07-15 22:49:53","mouseout","0_2_1","0_1_2_3_4","0_0","o_a2","47717","654","9","0.5","18","1","0","0","0","0","0","0","0","0","0","654","0","0","0","0","0","0","0","0","0"
"93","ls1","S74","77.251.245.190","74","A","2016-07-15 22:49:53","mouseout","0_2_1","0_1_2_3_4","0_0","o_b2","49292","1289","10","0.555555555556","18","0","0","0","0","1","0","0","0","0","0","0","0","0","0","1289","0","0","0","0","0"
"93","ls1","S74","77.251.245.190","74","A","2016-07-15 22:49:53","mouseout","0_2_1","0_1_2_3_4","0_0","o_b1","50606","3851","11","0.611111111111","18","0","0","0","0","0","0","0","1","0","0","0","0","0","0","0","0","0","3851","0","0"
"93","ls1","S74","77.251.245.190","74","A","2016-07-15 22:49:53","mouseout","0_2_1","0_1_2_3_4","0_0","p_b2","54542","3151","12","0.666666666667","18","0","0","0","0","0","1","0","0","0","0","0","0","0","0","0","3151","0","0","0","0"
"93","ls1","S74","77.251.245.190","74","A","2016-07-15 22:49:53","mouseout","0_2_1","0_1_2_3_4","0_0","o_b2","57713","341","13","0.722222222222","18","0","0","0","0","1","0","0","0","0","0","0","0","0","0","341","0","0","0","0","0"
"93","ls1","S74","77.251.245.190","74","A","2016-07-15 22:49:53","mouseout","0_2_1","0_1_2_3_4","0_0","p_b2","58087","1290","14","0.777777777778","18","0","0","0","0","0","1","0","0","0","0","0","0","0","0","0","1290","0","0","0","0"
"93","ls1","S74","77.251.245.190","74","A","2016-07-15 22:49:53","mouseout","0_2_1","0_1_2_3_4","0_0","p_a2","59517","2725","15","0.833333333333","18","0","1","0","0","0","0","0","0","0","0","0","2725","0","0","0","0","0","0","0","0"
"93","ls1","S74","77.251.245.190","74","A","2016-07-15 22:49:53","mouseout","0_2_1","0_1_2_3_4","0_0","p_a1","62264","1015","16","0.888888888889","18","0","0","0","1","0","0","0","0","0","0","0","0","0","1015","0","0","0","0","0","0"
"93","ls1","S74","77.251.245.190","74","A","2016-07-15 22:49:53","mouseout","0_2_1","0_1_2_3_4","0_0","p_b1","63362","2298","17","0.944444444444","18","0","0","0","0","0","0","1","0","0","0","0","0","0","0","0","0","2298","0","0","0"
"93","ls1","S74","77.251.245.190","74","A","2016-07-15 22:49:53","onclick","0_2_1","0_1_2_3_4","0_0","A","66578","584","18","1","18","0","0","0","0","0","0","0","0","0","1","0","0","0","0","0","0","0","0","0","584"
"99","ls1","S76","66.87.3.53","76","A","2016-07-15 22:55:15","mouseout","0_1_2","0_1_2_3_4","0_0","o_a1","8882","753","1","0.0909090909091","11","0","0","1","0","0","0","0","0","0","0","0","0","753","0","0","0","0","0","0","0"
"99","ls1","S76","66.87.3.53","76","A","2016-07-15 22:55:15","mouseout","0_1_2","0_1_2_3_4","0_0","p_a1","10492","3477","2","0.181818181818","11","0","0","0","1","0","0","0","0","0","0","0","0","0","3477","0","0","0","0","0","0"
"99","ls1","S76","66.87.3.53","76","A","2016-07-15 22:55:15","mouseout","0_1_2","0_1_2_3_4","0_0","o_b1","14641","1440","3","0.272727272727","11","0","0","0","0","0","0","0","1","0","0","0","0","0","0","0","0","0","1440","0","0"
"99","ls1","S76","66.87.3.53","76","A","2016-07-15 22:55:15","mouseout","0_1_2","0_1_2_3_4","0_0","p_b2","17329","203","4","0.363636363636","11","0","0","0","0","0","1","0","0","0","0","0","0","0","0","0","203","0","0","0","0"
"99","ls1","S76","66.87.3.53","76","A","2016-07-15 22:55:15","mouseout","0_1_2","0_1_2_3_4","0_0","p_b1","17560","274","5","0.454545454545","11","0","0","0","0","0","0","1","0","0","0","0","0","0","0","0","0","274","0","0","0"
"99","ls1","S76","66.87.3.53","76","A","2016-07-15 22:55:15","mouseout","0_1_2","0_1_2_3_4","0_0","p_b1","18208","1589","6","0.545454545455","11","0","0","0","0","0","0","1","0","0","0","0","0","0","0","0","0","1589","0","0","0"
"99","ls1","S76","66.87.3.53","76","A","2016-07-15 22:55:15","mouseout","0_1_2","0_1_2_3_4","0_0","o_a2","19809","2576","7","0.636363636364","11","1","0","0","0","0","0","0","0","0","0","2576","0","0","0","0","0","0","0","0","0"
"99","ls1","S76","66.87.3.53","76","A","2016-07-15 22:55:15","mouseout","0_1_2","0_1_2_3_4","0_0","p_a2","23035","656","8","0.727272727273","11","0","1","0","0","0","0","0","0","0","0","0","656","0","0","0","0","0","0","0","0"
"99","ls1","S76","66.87.3.53","76","A","2016-07-15 22:55:15","mouseout","0_1_2","0_1_2_3_4","0_0","o_b2","24479","1416","9","0.818181818182","11","0","0","0","0","1","0","0","0","0","0","0","0","0","0","1416","0","0","0","0","0"
"99","ls1","S76","66.87.3.53","76","A","2016-07-15 22:55:15","mouseout","0_1_2","0_1_2_3_4","0_0","p_b2","26577","4484","10","0.909090909091","11","0","0","0","0","0","1","0","0","0","0","0","0","0","0","0","4484","0","0","0","0"
"99","ls1","S76","66.87.3.53","76","A","2016-07-15 22:55:15","onclick","0_1_2","0_1_2_3_4","0_0","A","0","0","11","1","11","0","0","0","0","0","0","0","0","0","1","0","0","0","0","0","0","0","0","0","0"
"106","ls1","S80","77.11.106.37","80","A","2016-07-16 01:28:29","mouseout","0_1_2","0_1_2_3_4","0_0","o_a2","20671","238","1","0.0416666666667","24","1","0","0","0","0","0","0","0","0","0","238","0","0","0","0","0","0","0","0","0"
"106","ls1","S80","77.11.106.37","80","A","2016-07-16 01:28:29","mouseout","0_1_2","0_1_2_3_4","0_0","o_a1","20924","959","2","0.0833333333333","24","0","0","1","0","0","0","0","0","0","0","0","0","959","0","0","0","0","0","0","0"
"106","ls1","S80","77.11.106.37","80","A","2016-07-16 01:28:29","mouseout","0_1_2","0_1_2_3_4","0_0","o_a2","21953","852","3","0.125","24","1","0","0","0","0","0","0","0","0","0","852","0","0","0","0","0","0","0","0","0"
"106","ls1","S80","77.11.106.37","80","A","2016-07-16 01:28:29","mouseout","0_1_2","0_1_2_3_4","0_0","p_a1","22994","542","4","0.166666666667","24","0","0","0","1","0","0","0","0","0","0","0","0","0","542","0","0","0","0","0","0"
"106","ls1","S80","77.11.106.37","80","A","2016-07-16 01:28:29","mouseout","0_1_2","0_1_2_3_4","0_0","o_a1","23552","302","5","0.208333333333","24","0","0","1","0","0","0","0","0","0","0","0","0","302","0","0","0","0","0","0","0"
"106","ls1","S80","77.11.106.37","80","A","2016-07-16 01:28:29","mouseout","0_1_2","0_1_2_3_4","0_0","o_a2","23919","583","6","0.25","24","1","0","0","0","0","0","0","0","0","0","583","0","0","0","0","0","0","0","0","0"
"106","ls1","S80","77.11.106.37","80","A","2016-07-16 01:28:29","mouseout","0_1_2","0_1_2_3_4","0_0","o_b1","24993","704","7","0.291666666667","24","0","0","0","0","0","0","0","1","0","0","0","0","0","0","0","0","0","704","0","0"
"106","ls1","S80","77.11.106.37","80","A","2016-07-16 01:28:29","mouseout","0_1_2","0_1_2_3_4","0_0","o_b2","25739","2592","8","0.333333333333","24","0","0","0","0","1","0","0","0","0","0","0","0","0","0","2592","0","0","0","0","0"
"106","ls1","S80","77.11.106.37","80","A","2016-07-16 01:28:29","mouseout","0_1_2","0_1_2_3_4","0_0","p_a2","28450","288","9","0.375","24","0","1","0","0","0","0","0","0","0","0","0","288","0","0","0","0","0","0","0","0"
"106","ls1","S80","77.11.106.37","80","A","2016-07-16 01:28:29","mouseout","0_1_2","0_1_2_3_4","0_0","p_a1","28753","549","10","0.416666666667","24","0","0","0","1","0","0","0","0","0","0","0","0","0","549","0","0","0","0","0","0"
"106","ls1","S80","77.11.106.37","80","A","2016-07-16 01:28:29","mouseout","0_1_2","0_1_2_3_4","0_0","o_a1","29318","224","11","0.458333333333","24","0","0","1","0","0","0","0","0","0","0","0","0","224","0","0","0","0","0","0","0"
"106","ls1","S80","77.11.106.37","80","A","2016-07-16 01:28:29","mouseout","0_1_2","0_1_2_3_4","0_0","p_a2","29586","1876","12","0.5","24","0","1","0","0","0","0","0","0","0","0","0","1876","0","0","0","0","0","0","0","0"
"106","ls1","S80","77.11.106.37","80","A","2016-07-16 01:28:29","mouseout","0_1_2","0_1_2_3_4","0_0","p_b2","31625","2278","13","0.541666666667","24","0","0","0","0","0","1","0","0","0","0","0","0","0","0","0","2278","0","0","0","0"
"106","ls1","S80","77.11.106.37","80","A","2016-07-16 01:28:29","mouseout","0_1_2","0_1_2_3_4","0_0","o_b2","33934","569","14","0.583333333333","24","0","0","0","0","1","0","0","0","0","0","0","0","0","0","569","0","0","0","0","0"
"106","ls1","S80","77.11.106.37","80","A","2016-07-16 01:28:29","mouseout","0_1_2","0_1_2_3_4","0_0","p_b2","34535","550","15","0.625","24","0","0","0","0","0","1","0","0","0","0","0","0","0","0","0","550","0","0","0","0"
"106","ls1","S80","77.11.106.37","80","A","2016-07-16 01:28:29","mouseout","0_1_2","0_1_2_3_4","0_0","p_a2","35249","490","16","0.666666666667","24","0","1","0","0","0","0","0","0","0","0","0","490","0","0","0","0","0","0","0","0"
"106","ls1","S80","77.11.106.37","80","A","2016-07-16 01:28:29","onclick","0_1_2","0_1_2_3_4","0_0","A","35864","649","17","0.708333333333","24","0","0","0","0","0","0","0","0","0","1","0","0","0","0","0","0","0","0","0","649"
"106","ls1","S80","77.11.106.37","80","A","2016-07-16 01:28:29","mouseout","0_1_2","0_1_2_3_4","0_0","o_a1","39819","696","18","0.75","24","0","0","1","0","0","0","0","0","0","0","0","0","696","0","0","0","0","0","0","0"
"106","ls1","S80","77.11.106.37","80","A","2016-07-16 01:28:29","mouseout","0_1_2","0_1_2_3_4","0_0","o_a2","40551","1016","19","0.791666666667","24","1","0","0","0","0","0","0","0","0","0","1016","0","0","0","0","0","0","0","0","0"
"106","ls1","S80","77.11.106.37","80","A","2016-07-16 01:28:29","mouseout","0_1_2","0_1_2_3_4","0_0","o_b2","41932","695","20","0.833333333333","24","0","0","0","0","1","0","0","0","0","0","0","0","0","0","695","0","0","0","0","0"
"106","ls1","S80","77.11.106.37","80","A","2016-07-16 01:28:29","mouseout","0_1_2","0_1_2_3_4","0_0","o_b1","42642","838","21","0.875","24","0","0","0","0","0","0","0","1","0","0","0","0","0","0","0","0","0","838","0","0"
"106","ls1","S80","77.11.106.37","80","A","2016-07-16 01:28:29","mouseout","0_1_2","0_1_2_3_4","0_0","o_b2","43480","1099","22","0.916666666667","24","0","0","0","0","1","0","0","0","0","0","0","0","0","0","1099","0","0","0","0","0"
"106","ls1","S80","77.11.106.37","80","A","2016-07-16 01:28:29","mouseout","0_1_2","0_1_2_3_4","0_0","o_b1","44624","1544","23","0.958333333333","24","0","0","0","0","0","0","0","1","0","0","0","0","0","0","0","0","0","1544","0","0"
"106","ls1","S80","77.11.106.37","80","A","2016-07-16 01:28:29","mouseout","0_1_2","0_1_2_3_4","0_0","A","47185","374","24","1","24","0","0","0","0","0","0","0","0","0","1","0","0","0","0","0","0","0","0","0","374"
"112","ls1","S82","73.171.122.78","82","A","2016-07-16 02:52:05","mouseout","0_2_1","0_1_2_3_4","0_0","p_b2","27612","1667","1","0.0277777777778","36","0","0","0","0","0","1","0","0","0","0","0","0","0","0","0","1667","0","0","0","0"
"112","ls1","S82","73.171.122.78","82","A","2016-07-16 02:52:05","mouseout","0_2_1","0_1_2_3_4","0_0","o_b2","29295","751","2","0.0555555555556","36","0","0","0","0","1","0","0","0","0","0","0","0","0","0","751","0","0","0","0","0"
"112","ls1","S82","73.171.122.78","82","A","2016-07-16 02:52:05","mouseout","0_2_1","0_1_2_3_4","0_0","p_b2","30063","374","3","0.0833333333333","36","0","0","0","0","0","1","0","0","0","0","0","0","0","0","0","374","0","0","0","0"
"112","ls1","S82","73.171.122.78","82","A","2016-07-16 02:52:05","mouseout","0_2_1","0_1_2_3_4","0_0","o_b2","30454","469","4","0.111111111111","36","0","0","0","0","1","0","0","0","0","0","0","0","0","0","469","0","0","0","0","0"
"112","ls1","S82","73.171.122.78","82","A","2016-07-16 02:52:05","mouseout","0_2_1","0_1_2_3_4","0_0","o_b1","30940","936","5","0.138888888889","36","0","0","0","0","0","0","0","1","0","0","0","0","0","0","0","0","0","936","0","0"
"112","ls1","S82","73.171.122.78","82","A","2016-07-16 02:52:05","mouseout","0_2_1","0_1_2_3_4","0_0","p_b1","31876","3632","6","0.166666666667","36","0","0","0","0","0","0","1","0","0","0","0","0","0","0","0","0","3632","0","0","0"
"112","ls1","S82","73.171.122.78","82","A","2016-07-16 02:52:05","mouseout","0_2_1","0_1_2_3_4","0_0","p_b2","35525","736","7","0.194444444444","36","0","0","0","0","0","1","0","0","0","0","0","0","0","0","0","736","0","0","0","0"
"112","ls1","S82","73.171.122.78","82","A","2016-07-16 02:52:05","mouseout","0_2_1","0_1_2_3_4","0_0","p_b1","36279","1235","8","0.222222222222","36","0","0","0","0","0","0","1","0","0","0","0","0","0","0","0","0","1235","0","0","0"
"112","ls1","S82","73.171.122.78","82","A","2016-07-16 02:52:05","mouseout","0_2_1","0_1_2_3_4","0_0","o_b1","37531","358","9","0.25","36","0","0","0","0","0","0","0","1","0","0","0","0","0","0","0","0","0","358","0","0"
"112","ls1","S82","73.171.122.78","82","A","2016-07-16 02:52:05","mouseout","0_2_1","0_1_2_3_4","0_0","o_b1","38418","431","10","0.277777777778","36","0","0","0","0","0","0","0","1","0","0","0","0","0","0","0","0","0","431","0","0"
"112","ls1","S82","73.171.122.78","82","A","2016-07-16 02:52:05","mouseout","0_2_1","0_1_2_3_4","0_0","o_b2","38866","690","11","0.305555555556","36","0","0","0","0","1","0","0","0","0","0","0","0","0","0","690","0","0","0","0","0"
"112","ls1","S82","73.171.122.78","82","A","2016-07-16 02:52:05","mouseout","0_2_1","0_1_2_3_4","0_0","p_a2","39659","893","12","0.333333333333","36","0","1","0","0","0","0","0","0","0","0","0","893","0","0","0","0","0","0","0","0"
"112","ls1","S82","73.171.122.78","82","A","2016-07-16 02:52:05","mouseout","0_2_1","0_1_2_3_4","0_0","p_a1","40569","268","13","0.361111111111","36","0","0","0","1","0","0","0","0","0","0","0","0","0","268","0","0","0","0","0","0"
"112","ls1","S82","73.171.122.78","82","A","2016-07-16 02:52:05","mouseout","0_2_1","0_1_2_3_4","0_0","p_a2","40837","392","14","0.388888888889","36","0","1","0","0","0","0","0","0","0","0","0","392","0","0","0","0","0","0","0","0"
"112","ls1","S82","73.171.122.78","82","A","2016-07-16 02:52:05","mouseout","0_2_1","0_1_2_3_4","0_0","p_a1","41246","1077","15","0.416666666667","36","0","0","0","1","0","0","0","0","0","0","0","0","0","1077","0","0","0","0","0","0"
"112","ls1","S82","73.171.122.78","82","A","2016-07-16 02:52:05","mouseout","0_2_1","0_1_2_3_4","0_0","o_a1","42323","879","16","0.444444444444","36","0","0","1","0","0","0","0","0","0","0","0","0","879","0","0","0","0","0","0","0"
"112","ls1","S82","73.171.122.78","82","A","2016-07-16 02:52:05","mouseout","0_2_1","0_1_2_3_4","0_0","o_a2","43255","983","17","0.472222222222","36","1","0","0","0","0","0","0","0","0","0","983","0","0","0","0","0","0","0","0","0"
"112","ls1","S82","73.171.122.78","82","A","2016-07-16 02:52:05","mouseout","0_2_1","0_1_2_3_4","0_0","o_b1","44686","1274","18","0.5","36","0","0","0","0","0","0","0","1","0","0","0","0","0","0","0","0","0","1274","0","0"
"112","ls1","S82","73.171.122.78","82","A","2016-07-16 02:52:05","mouseout","0_2_1","0_1_2_3_4","0_0","p_b1","45960","1823","19","0.527777777778","36","0","0","0","0","0","0","1","0","0","0","0","0","0","0","0","0","1823","0","0","0"
"112","ls1","S82","73.171.122.78","82","A","2016-07-16 02:52:05","mouseout","0_2_1","0_1_2_3_4","0_0","p_a1","47939","1041","20","0.555555555556","36","0","0","0","1","0","0","0","0","0","0","0","0","0","1041","0","0","0","0","0","0"
"112","ls1","S82","73.171.122.78","82","A","2016-07-16 02:52:05","mouseout","0_2_1","0_1_2_3_4","0_0","p_b1","49153","2190","21","0.583333333333","36","0","0","0","0","0","0","1","0","0","0","0","0","0","0","0","0","2190","0","0","0"
"112","ls1","S82","73.171.122.78","82","A","2016-07-16 02:52:05","mouseout","0_2_1","0_1_2_3_4","0_0","o_a1","51686","663","22","0.611111111111","36","0","0","1","0","0","0","0","0","0","0","0","0","663","0","0","0","0","0","0","0"
"112","ls1","S82","73.171.122.78","82","A","2016-07-16 02:52:05","mouseout","0_2_1","0_1_2_3_4","0_0","o_a2","52366","479","23","0.638888888889","36","1","0","0","0","0","0","0","0","0","0","479","0","0","0","0","0","0","0","0","0"
"112","ls1","S82","73.171.122.78","82","A","2016-07-16 02:52:05","mouseout","0_2_1","0_1_2_3_4","0_0","p_b1","52932","7115","24","0.666666666667","36","0","0","0","0","0","0","1","0","0","0","0","0","0","0","0","0","7115","0","0","0"
"112","ls1","S82","73.171.122.78","82","A","2016-07-16 02:52:05","mouseout","0_2_1","0_1_2_3_4","0_0","p_b2","60064","8964","25","0.694444444444","36","0","0","0","0","0","1","0","0","0","0","0","0","0","0","0","8964","0","0","0","0"
"112","ls1","S82","73.171.122.78","82","A","2016-07-16 02:52:05","mouseout","0_2_1","0_1_2_3_4","0_0","p_b1","69044","378","26","0.722222222222","36","0","0","0","0","0","0","1","0","0","0","0","0","0","0","0","0","378","0","0","0"
"112","ls1","S82","73.171.122.78","82","A","2016-07-16 02:52:05","mouseout","0_2_1","0_1_2_3_4","0_0","o_b1","69440","1631","27","0.75","36","0","0","0","0","0","0","0","1","0","0","0","0","0","0","0","0","0","1631","0","0"
"112","ls1","S82","73.171.122.78","82","A","2016-07-16 02:52:05","mouseout","0_2_1","0_1_2_3_4","0_0","p_b1","71089","7179","28","0.777777777778","36","0","0","0","0","0","0","1","0","0","0","0","0","0","0","0","0","7179","0","0","0"
"112","ls1","S82","73.171.122.78","82","A","2016-07-16 02:52:05","mouseout","0_2_1","0_1_2_3_4","0_0","o_b1","78284","1317","29","0.805555555556","36","0","0","0","0","0","0","0","1","0","0","0","0","0","0","0","0","0","1317","0","0"
"112","ls1","S82","73.171.122.78","82","A","2016-07-16 02:52:05","mouseout","0_2_1","0_1_2_3_4","0_0","o_b2","79618","1832","30","0.833333333333","36","0","0","0","0","1","0","0","0","0","0","0","0","0","0","1832","0","0","0","0","0"
"112","ls1","S82","73.171.122.78","82","A","2016-07-16 02:52:05","mouseout","0_2_1","0_1_2_3_4","0_0","o_b1","81469","434","31","0.861111111111","36","0","0","0","0","0","0","0","1","0","0","0","0","0","0","0","0","0","434","0","0"
"112","ls1","S82","73.171.122.78","82","A","2016-07-16 02:52:05","mouseout","0_2_1","0_1_2_3_4","0_0","o_b2","81937","418","32","0.888888888889","36","0","0","0","0","1","0","0","0","0","0","0","0","0","0","418","0","0","0","0","0"
"112","ls1","S82","73.171.122.78","82","A","2016-07-16 02:52:05","mouseout","0_2_1","0_1_2_3_4","0_0","o_b1","82355","911","33","0.916666666667","36","0","0","0","0","0","0","0","1","0","0","0","0","0","0","0","0","0","911","0","0"
"112","ls1","S82","73.171.122.78","82","A","2016-07-16 02:52:05","mouseout","0_2_1","0_1_2_3_4","0_0","p_a1","83370","809","34","0.944444444444","36","0","0","0","1","0","0","0","0","0","0","0","0","0","809","0","0","0","0","0","0"
"112","ls1","S82","73.171.122.78","82","A","2016-07-16 02:52:05","mouseout","0_2_1","0_1_2_3_4","0_0","o_a1","84196","1203","35","0.972222222222","36","0","0","1","0","0","0","0","0","0","0","0","0","1203","0","0","0","0","0","0","0"
"112","ls1","S82","73.171.122.78","82","A","2016-07-16 02:52:05","onclick","0_2_1","0_1_2_3_4","0_0","A","85434","676","36","1","36","0","0","0","0","0","0","0","0","0","1","0","0","0","0","0","0","0","0","0","676"
"118","ls1","S84","108.18.236.14","84","A","2016-07-16 03:41:22","mouseout","0_1_2","0_1_2_3_4","0_0","o_a1","15316","1493","1","0.125","8","0","0","1","0","0","0","0","0","0","0","0","0","1493","0","0","0","0","0","0","0"
"118","ls1","S84","108.18.236.14","84","A","2016-07-16 03:41:22","mouseout","0_1_2","0_1_2_3_4","0_0","p_a1","16821","4465","2","0.25","8","0","0","0","1","0","0","0","0","0","0","0","0","0","4465","0","0","0","0","0","0"
"118","ls1","S84","108.18.236.14","84","A","2016-07-16 03:41:22","mouseout","0_1_2","0_1_2_3_4","0_0","p_a2","21299","1721","3","0.375","8","0","1","0","0","0","0","0","0","0","0","0","1721","0","0","0","0","0","0","0","0"
"118","ls1","S84","108.18.236.14","84","A","2016-07-16 03:41:22","mouseout","0_1_2","0_1_2_3_4","0_0","o_a2","23039","895","4","0.5","8","1","0","0","0","0","0","0","0","0","0","895","0","0","0","0","0","0","0","0","0"
"118","ls1","S84","108.18.236.14","84","A","2016-07-16 03:41:22","mouseout","0_1_2","0_1_2_3_4","0_0","o_b1","24516","866","5","0.625","8","0","0","0","0","0","0","0","1","0","0","0","0","0","0","0","0","0","866","0","0"
"118","ls1","S84","108.18.236.14","84","A","2016-07-16 03:41:22","mouseout","0_1_2","0_1_2_3_4","0_0","p_b1","25411","763","6","0.75","8","0","0","0","0","0","0","1","0","0","0","0","0","0","0","0","0","763","0","0","0"
"118","ls1","S84","108.18.236.14","84","A","2016-07-16 03:41:22","mouseout","0_1_2","0_1_2_3_4","0_0","o_b2","26197","509","7","0.875","8","0","0","0","0","1","0","0","0","0","0","0","0","0","0","509","0","0","0","0","0"
"118","ls1","S84","108.18.236.14","84","A","2016-07-16 03:41:22","onclick","0_1_2","0_1_2_3_4","0_0","A","28010","537","8","1","8","0","0","0","0","0","0","0","0","0","1","0","0","0","0","0","0","0","0","0","537"
